"","GI.3/CFIA_FV_448_1b_43479_8/QRQ46942","GI.3/CFIA_FV_340_1.3_43479_1234/QRM14330","GI.3/FE29_2015/BBD74616","GI.3/FE47_2015/BBD74618","GI.3/NORO_90_22_06_2015/AWR17846","GI.3/FE8_2015/BBD74614","GI.3/FS118_2015/BBD74626","GI.3/FE2_2015/BBD74612","GI.3/FE59_2015/BBD74620","GI.3/FS114_2015/BBD74624","GI.3/FE49_2014/BBD74608","GI.3/NORO_81_10_10_2014/AWR17825","GI.3/NORO_83_31_10_2014/AWR17831","GI.3/NORO_87_18_02_2015/AWR17840","GI.3/NORO_84_04_11_2014/AWR17834","GI.3/NORO_85_14_11_2014/AWR17837","GI.3/NORO_179_03_08_2015/AWR17600","GI.3/NORO_206_03_12_2015/AWR17651","GI.3/FE61_2015/BBD74622","GI.3/CFIA_FV_491_16_43538_5/QRM14429","GI.3/CFIA_FV_478_13_43479_9/QRQ46993","GI.3/CFIA_FV_491_23_43538_14/QRM14432","GI.3/NORO_89_01_04_2015/AWR17843","GI.3/NORO_198_10_11_2015/AWR17636","GI.3/FS421_2014/BBD74610","GI.3/CS0048/QHW16218","GI.3/JKPG_881/ACX33982","GI.3/JKPG_883/ACX33983","GI.3/0304_19/ARI71147","GI.3/Potsdam_196/AAL32455","GI.3/Shimizu/KK2866/AII73765","GI.3/Westport0085/QEP29903","GI.3/Osaka/010314/ABQ44563","GI.3/Birmingham/CAB89093","GI.3/VA98115/AAK84673","GI.3/AFK75851","GI.3/Little_Rock/316/AAL12968","GI.3/Honolulu/219/AAL12962","GI.3/Stav/95/AAD37377","GI.3/Amsterdam/2/1995/AHV83751","GI.3/EN_3/AOO95034","GI.3/DesertShield395/AAA16285","GI.3/Beijing55042/ACY00647","GI.3/CFIA_FVR_002/QRD99198","GI.3/C9/AFN06738","GI.3/C91/AFN06737","GI.3/B8/QPJ58810","GI.3/18N239/QQL02664","GI.3/Nashville_0047/AZJ17766","GI.3/G2_12/QXD98775","GI.3/BayCity_0088/AZJ17748","GI.3/G5_10/QXD98781","GI.3/G7_8/QXD98784","GI.3/Nashville_0046/AZJ17763","GI.3/G5_9/QXD98778","GI.3/OS_32/LC122713","GI.3/DS275/QPJ58855","GI.NA/3718VLC/Spain/ON033826","GI.3/20200221_ASE_08_GI.3_LPV/QUF08421","GI.3/20200226_MWE_01_GI.3_LPV/QUF08423","GI.3/20200408_MWE_01_GI.3_LPV/QUF08432","GI.3/20200416_ASE_06_GI.3_LPV/QUF08433","GI.3/10360/AFI08231","GI.3/Beijing54660/ACY00645","GI.3/E8_UG/AFN06736","GI.3/Akabane/991130/ABQ44566","GI.3/Beijing54114/ACY00641","GI.8/HuzhouN10/AGJ52176","GI.8/2008890321/ADB54834","GI.8/Boxer/AAN15140","GI.9/Vancouver730/AEA02124","GI.9/CAIQ12110628/AHA91654","GI.9/CAIQ12110630/AHA91656","GI.7/Dhaka1882/AVT56083","GI.7/Winchester/CAB89090","GI.7/CS5567/APA31976","GI.6/VA497/AAN15138","GI.6/BS5_Hesse/AAC64603","GI.6/Osaka321/ABQ44565","GI.1/BA81265/AXQ39993","GI.1/SRSV_KY_89/89/J/AAA59229","GI.1/Norwalk/AAB50466","GI.2/Southampton/AAA92984","GI.2/AFK75853","GI.2/Leuven/ACU56258","GI.4/Chiba407/BAB18267","GI.4/34/QHH18441","GI.4/Groningen/CRL46952","GI.5/Musgrove/CAB89095","GI.5/Babbacombe/CAK2226","GI.5/Appalachicola_Bay/318/AAL12971"
"GI.3/CFIA_FV_448_1b_43479_8/QRQ46942",0,0,0,0,0,0,0,0,0,0,0,0,0,0,0,0.00289546,0.00289376,0.0054862,0.00722854,0.00932864,0.00515564,0.00723585,0.00208442,0.00418738,0.00416384,0.01045037,0.01469558,0.0168047,0.00625753,0.00833853,0.01042062,0.01250788,0.01251373,0.04134029,0.03588635,0.01882695,0.01885106,0.02004028,0.0221468,0.03631658,0.10177972,0.11837917,0.10928805,0.13972023,0.11334674,0.11334674,0.12399371,0.12627157,0.13047375,0.13047375,0.13047375,0.13047375,0.13047375,0.13047375,0.13047375,0.24678747,0.24679788,0.24269667,0.24853549,0.25272667,0.25274423,0.25061981,0.24486633,0.24906356,0.24696506,0.24906257,0.24906216,0.47176493,0.47047442,0.47962137,0.51449825,0.51129447,0.51129447,0.42081288,0.4511658,0.40369445,0.72437461,0.71723595,0.7148929,0.70444804,0.74329804,0.70843279,0.65787558,0.6578627,0.65735613,0.68933073,0.68714914,0.68715242,0.68992729,0.6933097,0.70166407
"GI.3/CFIA_FV_340_1.3_43479_1234/QRM14330",0,0,0,0,0,0,0,0,0,0,0,0,0,0,0,0.00289546,0.00289376,0.0054862,0.00722854,0.00932864,0.00515564,0.00723585,0.00208442,0.00418738,0.00416384,0.01045037,0.01469558,0.0168047,0.00625753,0.00833853,0.01042062,0.01250788,0.01251373,0.04134029,0.03588635,0.01882695,0.01885106,0.02004028,0.0221468,0.03631658,0.10177972,0.11837917,0.10928805,0.13972023,0.11334674,0.11334674,0.12399371,0.12627157,0.13047375,0.13047375,0.13047375,0.13047375,0.13047375,0.13047375,0.13047375,0.24678747,0.24679788,0.24269667,0.24853549,0.25272667,0.25274423,0.25061981,0.24486633,0.24906356,0.24696506,0.24906257,0.24906216,0.47176493,0.47047442,0.47962137,0.51449825,0.51129447,0.51129447,0.42081288,0.4511658,0.40369445,0.72437461,0.71723595,0.7148929,0.70444804,0.74329804,0.70843279,0.65787558,0.6578627,0.65735613,0.68933073,0.68714914,0.68715242,0.68992729,0.6933097,0.70166407
"GI.3/FE29_2015/BBD74616",0,0,0,0,0,0,0,0,0,0,0,0,0,0,0,0.00289546,0.00289376,0.0054862,0.00722854,0.00932864,0.00515564,0.00723585,0.00208442,0.00418738,0.00416384,0.01045037,0.01469558,0.0168047,0.00625753,0.00833853,0.01042062,0.01250788,0.01251373,0.04134029,0.03588635,0.01882695,0.01885106,0.02004028,0.0221468,0.03631658,0.10177972,0.11837917,0.10928805,0.13972023,0.11334674,0.11334674,0.12399371,0.12627157,0.13047375,0.13047375,0.13047375,0.13047375,0.13047375,0.13047375,0.13047375,0.24678747,0.24679788,0.24269667,0.24853549,0.25272667,0.25274423,0.25061981,0.24486633,0.24906356,0.24696506,0.24906257,0.24906216,0.47176493,0.47047442,0.47962137,0.51449825,0.51129447,0.51129447,0.42081288,0.4511658,0.40369445,0.72437461,0.71723595,0.7148929,0.70444804,0.74329804,0.70843279,0.65787558,0.6578627,0.65735613,0.68933073,0.68714914,0.68715242,0.68992729,0.6933097,0.70166407
"GI.3/FE47_2015/BBD74618",0,0,0,0,0,0,0,0,0,0,0,0,0,0,0,0.00289546,0.00289376,0.0054862,0.00722854,0.00932864,0.00515564,0.00723585,0.00208442,0.00418738,0.00416384,0.01045037,0.01469558,0.0168047,0.00625753,0.00833853,0.01042062,0.01250788,0.01251373,0.04134029,0.03588635,0.01882695,0.01885106,0.02004028,0.0221468,0.03631658,0.10177972,0.11837917,0.10928805,0.13972023,0.11334674,0.11334674,0.12399371,0.12627157,0.13047375,0.13047375,0.13047375,0.13047375,0.13047375,0.13047375,0.13047375,0.24678747,0.24679788,0.24269667,0.24853549,0.25272667,0.25274423,0.25061981,0.24486633,0.24906356,0.24696506,0.24906257,0.24906216,0.47176493,0.47047442,0.47962137,0.51449825,0.51129447,0.51129447,0.42081288,0.4511658,0.40369445,0.72437461,0.71723595,0.7148929,0.70444804,0.74329804,0.70843279,0.65787558,0.6578627,0.65735613,0.68933073,0.68714914,0.68715242,0.68992729,0.6933097,0.70166407
"GI.3/NORO_90_22_06_2015/AWR17846",0,0,0,0,0,0,0,0,0,0,0,0,0,0,0,0.00289546,0.00289376,0.0054862,0.00722854,0.00932864,0.00515564,0.00723585,0.00208442,0.00418738,0.00416384,0.01045037,0.01469558,0.0168047,0.00625753,0.00833853,0.01042062,0.01250788,0.01251373,0.04134029,0.03588635,0.01882695,0.01885106,0.02004028,0.0221468,0.03631658,0.10177972,0.11837917,0.10928805,0.13972023,0.11334674,0.11334674,0.12399371,0.12627157,0.13047375,0.13047375,0.13047375,0.13047375,0.13047375,0.13047375,0.13047375,0.24678747,0.24679788,0.24269667,0.24853549,0.25272667,0.25274423,0.25061981,0.24486633,0.24906356,0.24696506,0.24906257,0.24906216,0.47176493,0.47047442,0.47962137,0.51449825,0.51129447,0.51129447,0.42081288,0.4511658,0.40369445,0.72437461,0.71723595,0.7148929,0.70444804,0.74329804,0.70843279,0.65787558,0.6578627,0.65735613,0.68933073,0.68714914,0.68715242,0.68992729,0.6933097,0.70166407
"GI.3/FE8_2015/BBD74614",0,0,0,0,0,0,0,0,0,0,0,0,0,0,0,0.00289546,0.00289376,0.0054862,0.00722854,0.00932864,0.00515564,0.00723585,0.00208442,0.00418738,0.00416384,0.01045037,0.01469558,0.0168047,0.00625753,0.00833853,0.01042062,0.01250788,0.01251373,0.04134029,0.03588635,0.01882695,0.01885106,0.02004028,0.0221468,0.03631658,0.10177972,0.11837917,0.10928805,0.13972023,0.11334674,0.11334674,0.12399371,0.12627157,0.13047375,0.13047375,0.13047375,0.13047375,0.13047375,0.13047375,0.13047375,0.24678747,0.24679788,0.24269667,0.24853549,0.25272667,0.25274423,0.25061981,0.24486633,0.24906356,0.24696506,0.24906257,0.24906216,0.47176493,0.47047442,0.47962137,0.51449825,0.51129447,0.51129447,0.42081288,0.4511658,0.40369445,0.72437461,0.71723595,0.7148929,0.70444804,0.74329804,0.70843279,0.65787558,0.6578627,0.65735613,0.68933073,0.68714914,0.68715242,0.68992729,0.6933097,0.70166407
"GI.3/FS118_2015/BBD74626",0,0,0,0,0,0,0,0,0,0,0,0,0,0,0,0.00289546,0.00289376,0.0054862,0.00722854,0.00932864,0.00515564,0.00723585,0.00208442,0.00418738,0.00416384,0.01045037,0.01469558,0.0168047,0.00625753,0.00833853,0.01042062,0.01250788,0.01251373,0.04134029,0.03588635,0.01882695,0.01885106,0.02004028,0.0221468,0.03631658,0.10177972,0.11837917,0.10928805,0.13972023,0.11334674,0.11334674,0.12399371,0.12627157,0.13047375,0.13047375,0.13047375,0.13047375,0.13047375,0.13047375,0.13047375,0.24678747,0.24679788,0.24269667,0.24853549,0.25272667,0.25274423,0.25061981,0.24486633,0.24906356,0.24696506,0.24906257,0.24906216,0.47176493,0.47047442,0.47962137,0.51449825,0.51129447,0.51129447,0.42081288,0.4511658,0.40369445,0.72437461,0.71723595,0.7148929,0.70444804,0.74329804,0.70843279,0.65787558,0.6578627,0.65735613,0.68933073,0.68714914,0.68715242,0.68992729,0.6933097,0.70166407
"GI.3/FE2_2015/BBD74612",0,0,0,0,0,0,0,0,0,0,0,0,0,0,0,0.00289546,0.00289376,0.0054862,0.00722854,0.00932864,0.00515564,0.00723585,0.00208442,0.00418738,0.00416384,0.01045037,0.01469558,0.0168047,0.00625753,0.00833853,0.01042062,0.01250788,0.01251373,0.04134029,0.03588635,0.01882695,0.01885106,0.02004028,0.0221468,0.03631658,0.10177972,0.11837917,0.10928805,0.13972023,0.11334674,0.11334674,0.12399371,0.12627157,0.13047375,0.13047375,0.13047375,0.13047375,0.13047375,0.13047375,0.13047375,0.24678747,0.24679788,0.24269667,0.24853549,0.25272667,0.25274423,0.25061981,0.24486633,0.24906356,0.24696506,0.24906257,0.24906216,0.47176493,0.47047442,0.47962137,0.51449825,0.51129447,0.51129447,0.42081288,0.4511658,0.40369445,0.72437461,0.71723595,0.7148929,0.70444804,0.74329804,0.70843279,0.65787558,0.6578627,0.65735613,0.68933073,0.68714914,0.68715242,0.68992729,0.6933097,0.70166407
"GI.3/FE59_2015/BBD74620",0,0,0,0,0,0,0,0,0,0,0,0,0,0,0,0.00289546,0.00289376,0.0054862,0.00722854,0.00932864,0.00515564,0.00723585,0.00208442,0.00418738,0.00416384,0.01045037,0.01469558,0.0168047,0.00625753,0.00833853,0.01042062,0.01250788,0.01251373,0.04134029,0.03588635,0.01882695,0.01885106,0.02004028,0.0221468,0.03631658,0.10177972,0.11837917,0.10928805,0.13972023,0.11334674,0.11334674,0.12399371,0.12627157,0.13047375,0.13047375,0.13047375,0.13047375,0.13047375,0.13047375,0.13047375,0.24678747,0.24679788,0.24269667,0.24853549,0.25272667,0.25274423,0.25061981,0.24486633,0.24906356,0.24696506,0.24906257,0.24906216,0.47176493,0.47047442,0.47962137,0.51449825,0.51129447,0.51129447,0.42081288,0.4511658,0.40369445,0.72437461,0.71723595,0.7148929,0.70444804,0.74329804,0.70843279,0.65787558,0.6578627,0.65735613,0.68933073,0.68714914,0.68715242,0.68992729,0.6933097,0.70166407
"GI.3/FS114_2015/BBD74624",0,0,0,0,0,0,0,0,0,0,0,0,0,0,0,0.00289546,0.00289376,0.0054862,0.00722854,0.00932864,0.00515564,0.00723585,0.00208442,0.00418738,0.00416384,0.01045037,0.01469558,0.0168047,0.00625753,0.00833853,0.01042062,0.01250788,0.01251373,0.04134029,0.03588635,0.01882695,0.01885106,0.02004028,0.0221468,0.03631658,0.10177972,0.11837917,0.10928805,0.13972023,0.11334674,0.11334674,0.12399371,0.12627157,0.13047375,0.13047375,0.13047375,0.13047375,0.13047375,0.13047375,0.13047375,0.24678747,0.24679788,0.24269667,0.24853549,0.25272667,0.25274423,0.25061981,0.24486633,0.24906356,0.24696506,0.24906257,0.24906216,0.47176493,0.47047442,0.47962137,0.51449825,0.51129447,0.51129447,0.42081288,0.4511658,0.40369445,0.72437461,0.71723595,0.7148929,0.70444804,0.74329804,0.70843279,0.65787558,0.6578627,0.65735613,0.68933073,0.68714914,0.68715242,0.68992729,0.6933097,0.70166407
"GI.3/FE49_2014/BBD74608",0,0,0,0,0,0,0,0,0,0,0,0,0,0,0,0.00289546,0.00289376,0.0054862,0.00722854,0.00932864,0.00515564,0.00723585,0.00208442,0.00418738,0.00416384,0.01045037,0.01469558,0.0168047,0.00625753,0.00833853,0.01042062,0.01250788,0.01251373,0.04134029,0.03588635,0.01882695,0.01885106,0.02004028,0.0221468,0.03631658,0.10177972,0.11837917,0.10928805,0.13972023,0.11334674,0.11334674,0.12399371,0.12627157,0.13047375,0.13047375,0.13047375,0.13047375,0.13047375,0.13047375,0.13047375,0.24678747,0.24679788,0.24269667,0.24853549,0.25272667,0.25274423,0.25061981,0.24486633,0.24906356,0.24696506,0.24906257,0.24906216,0.47176493,0.47047442,0.47962137,0.51449825,0.51129447,0.51129447,0.42081288,0.4511658,0.40369445,0.72437461,0.71723595,0.7148929,0.70444804,0.74329804,0.70843279,0.65787558,0.6578627,0.65735613,0.68933073,0.68714914,0.68715242,0.68992729,0.6933097,0.70166407
"GI.3/NORO_81_10_10_2014/AWR17825",0,0,0,0,0,0,0,0,0,0,0,0,0,0,0,0.00289546,0.00289376,0.0054862,0.00722854,0.00932864,0.00515564,0.00723585,0.00208442,0.00418738,0.00416384,0.01045037,0.01469558,0.0168047,0.00625753,0.00833853,0.01042062,0.01250788,0.01251373,0.04134029,0.03588635,0.01882695,0.01885106,0.02004028,0.0221468,0.03631658,0.10177972,0.11837917,0.10928805,0.13972023,0.11334674,0.11334674,0.12399371,0.12627157,0.13047375,0.13047375,0.13047375,0.13047375,0.13047375,0.13047375,0.13047375,0.24678747,0.24679788,0.24269667,0.24853549,0.25272667,0.25274423,0.25061981,0.24486633,0.24906356,0.24696506,0.24906257,0.24906216,0.47176493,0.47047442,0.47962137,0.51449825,0.51129447,0.51129447,0.42081288,0.4511658,0.40369445,0.72437461,0.71723595,0.7148929,0.70444804,0.74329804,0.70843279,0.65787558,0.6578627,0.65735613,0.68933073,0.68714914,0.68715242,0.68992729,0.6933097,0.70166407
"GI.3/NORO_83_31_10_2014/AWR17831",0,0,0,0,0,0,0,0,0,0,0,0,0,0,0,0.00289546,0.00289376,0.0054862,0.00722854,0.00932864,0.00515564,0.00723585,0.00208442,0.00418738,0.00416384,0.01045037,0.01469558,0.0168047,0.00625753,0.00833853,0.01042062,0.01250788,0.01251373,0.04134029,0.03588635,0.01882695,0.01885106,0.02004028,0.0221468,0.03631658,0.10177972,0.11837917,0.10928805,0.13972023,0.11334674,0.11334674,0.12399371,0.12627157,0.13047375,0.13047375,0.13047375,0.13047375,0.13047375,0.13047375,0.13047375,0.24678747,0.24679788,0.24269667,0.24853549,0.25272667,0.25274423,0.25061981,0.24486633,0.24906356,0.24696506,0.24906257,0.24906216,0.47176493,0.47047442,0.47962137,0.51449825,0.51129447,0.51129447,0.42081288,0.4511658,0.40369445,0.72437461,0.71723595,0.7148929,0.70444804,0.74329804,0.70843279,0.65787558,0.6578627,0.65735613,0.68933073,0.68714914,0.68715242,0.68992729,0.6933097,0.70166407
"GI.3/NORO_87_18_02_2015/AWR17840",0,0,0,0,0,0,0,0,0,0,0,0,0,0,0,0.00289546,0.00289376,0.0054862,0.00722854,0.00932864,0.00515564,0.00723585,0.00208442,0.00418738,0.00416384,0.01045037,0.01469558,0.0168047,0.00625753,0.00833853,0.01042062,0.01250788,0.01251373,0.04134029,0.03588635,0.01882695,0.01885106,0.02004028,0.0221468,0.03631658,0.10177972,0.11837917,0.10928805,0.13972023,0.11334674,0.11334674,0.12399371,0.12627157,0.13047375,0.13047375,0.13047375,0.13047375,0.13047375,0.13047375,0.13047375,0.24678747,0.24679788,0.24269667,0.24853549,0.25272667,0.25274423,0.25061981,0.24486633,0.24906356,0.24696506,0.24906257,0.24906216,0.47176493,0.47047442,0.47962137,0.51449825,0.51129447,0.51129447,0.42081288,0.4511658,0.40369445,0.72437461,0.71723595,0.7148929,0.70444804,0.74329804,0.70843279,0.65787558,0.6578627,0.65735613,0.68933073,0.68714914,0.68715242,0.68992729,0.6933097,0.70166407
"GI.3/NORO_84_04_11_2014/AWR17834",0,0,0,0,0,0,0,0,0,0,0,0,0,0,0,0.00289546,0.00289376,0.0054862,0.00722854,0.00932864,0.00515564,0.00723585,0.00208442,0.00418738,0.00416384,0.01045037,0.01469558,0.0168047,0.00625753,0.00833853,0.01042062,0.01250788,0.01251373,0.04134029,0.03588635,0.01882695,0.01885106,0.02004028,0.0221468,0.03631658,0.10177972,0.11837917,0.10928805,0.13972023,0.11334674,0.11334674,0.12399371,0.12627157,0.13047375,0.13047375,0.13047375,0.13047375,0.13047375,0.13047375,0.13047375,0.24678747,0.24679788,0.24269667,0.24853549,0.25272667,0.25274423,0.25061981,0.24486633,0.24906356,0.24696506,0.24906257,0.24906216,0.47176493,0.47047442,0.47962137,0.51449825,0.51129447,0.51129447,0.42081288,0.4511658,0.40369445,0.72437461,0.71723595,0.7148929,0.70444804,0.74329804,0.70843279,0.65787558,0.6578627,0.65735613,0.68933073,0.68714914,0.68715242,0.68992729,0.6933097,0.70166407
"GI.3/NORO_85_14_11_2014/AWR17837",0.00289546,0.00289546,0.00289546,0.00289546,0.00289546,0.00289546,0.00289546,0.00289546,0.00289546,0.00289546,0.00289546,0.00289546,0.00289546,0.00289546,0.00289546,0,0.0041621,0.00838166,0.010124,0.0122241,0.0080511,0.01013131,0.00497988,0.00708284,0.0070593,0.01334583,0.01759104,0.01970016,0.00915299,0.01123399,0.01331608,0.01540334,0.01540919,0.04423575,0.03878181,0.02172241,0.02174652,0.02293574,0.02504226,0.03921204,0.10467518,0.12127463,0.11218351,0.14261569,0.1162422,0.1162422,0.12688917,0.12916703,0.13336921,0.13336921,0.13336921,0.13336921,0.13336921,0.13336921,0.13336921,0.24968293,0.24969334,0.24559213,0.25143095,0.25562213,0.25563969,0.25351527,0.24776179,0.25195902,0.24986052,0.25195803,0.25195762,0.47466039,0.47336988,0.48251683,0.51739371,0.51418993,0.51418993,0.42370834,0.45406126,0.40658991,0.72727007,0.72013141,0.71778836,0.7073435,0.7461935,0.71132825,0.66077104,0.66075816,0.66025159,0.69222619,0.6900446,0.69004788,0.69282275,0.69620516,0.70455953
"GI.3/NORO_179_03_08_2015/AWR17600",0.00289376,0.00289376,0.00289376,0.00289376,0.00289376,0.00289376,0.00289376,0.00289376,0.00289376,0.00289376,0.00289376,0.00289376,0.00289376,0.00289376,0.00289376,0.0041621,0,0.00837996,0.0101223,0.0122224,0.0080494,0.01012961,0.00497818,0.00708114,0.0070576,0.01334413,0.01758934,0.01969846,0.00915129,0.01123229,0.01331438,0.01540164,0.01540749,0.04423405,0.03878011,0.02172071,0.02174482,0.02293404,0.02504056,0.03921034,0.10467348,0.12127293,0.11218181,0.14261399,0.1162405,0.1162405,0.12688747,0.12916533,0.13336751,0.13336751,0.13336751,0.13336751,0.13336751,0.13336751,0.13336751,0.24968123,0.24969164,0.24559043,0.25142925,0.25562043,0.25563799,0.25351357,0.24776009,0.25195732,0.24985882,0.25195633,0.25195592,0.47465869,0.47336818,0.48251513,0.51739201,0.51418823,0.51418823,0.42370664,0.45405956,0.40658821,0.72726837,0.72012971,0.71778666,0.7073418,0.7461918,0.71132655,0.66076934,0.66075646,0.66024989,0.69222449,0.6900429,0.69004618,0.69282105,0.69620346,0.70455783
"GI.3/NORO_206_03_12_2015/AWR17651",0.0054862,0.0054862,0.0054862,0.0054862,0.0054862,0.0054862,0.0054862,0.0054862,0.0054862,0.0054862,0.0054862,0.0054862,0.0054862,0.0054862,0.0054862,0.00838166,0.00837996,0,0.0024376,0.0086808,0.0045078,0.00658801,0.00757062,0.00967358,0.00965004,0.01593657,0.02018178,0.0222909,0.01174373,0.01382473,0.01590682,0.01799408,0.01799993,0.04682649,0.04137255,0.02431315,0.02433726,0.02552648,0.027633,0.04180278,0.10726592,0.12386537,0.11477425,0.14520643,0.11883294,0.11883294,0.12947991,0.13175777,0.13595995,0.13595995,0.13595995,0.13595995,0.13595995,0.13595995,0.13595995,0.25227367,0.25228408,0.24818287,0.25402169,0.25821287,0.25823043,0.25610601,0.25035253,0.25454976,0.25245126,0.25454877,0.25454836,0.47725113,0.47596062,0.48510757,0.51998445,0.51678067,0.51678067,0.42629908,0.456652,0.40918065,0.72986081,0.72272215,0.7203791,0.70993424,0.74878424,0.71391899,0.66336178,0.6633489,0.66284233,0.69481693,0.69263534,0.69263862,0.69541349,0.6987959,0.70715027
"GI.3/FE61_2015/BBD74622",0.00722854,0.00722854,0.00722854,0.00722854,0.00722854,0.00722854,0.00722854,0.00722854,0.00722854,0.00722854,0.00722854,0.00722854,0.00722854,0.00722854,0.00722854,0.010124,0.0101223,0.0024376,0,0.01042314,0.00625014,0.00833035,0.00931296,0.01141592,0.01139238,0.01767891,0.02192412,0.02403324,0.01348607,0.01556707,0.01764916,0.01973642,0.01974227,0.04856883,0.04311489,0.02605549,0.0260796,0.02726882,0.02937534,0.04354512,0.10900826,0.12560771,0.11651659,0.14694877,0.12057528,0.12057528,0.13122225,0.13350011,0.13770229,0.13770229,0.13770229,0.13770229,0.13770229,0.13770229,0.13770229,0.25401601,0.25402642,0.24992521,0.25576403,0.25995521,0.25997277,0.25784835,0.25209487,0.2562921,0.2541936,0.25629111,0.2562907,0.47899347,0.47770296,0.48684991,0.52172679,0.51852301,0.51852301,0.42804142,0.45839434,0.41092299,0.73160315,0.72446449,0.72212144,0.71167658,0.75052658,0.71566133,0.66510412,0.66509124,0.66458467,0.69655927,0.69437768,0.69438096,0.69715583,0.70053824,0.70889261
"GI.3/CFIA_FV_491_16_43538_5/QRM14429",0.00932864,0.00932864,0.00932864,0.00932864,0.00932864,0.00932864,0.00932864,0.00932864,0.00932864,0.00932864,0.00932864,0.00932864,0.00932864,0.00932864,0.00932864,0.0122241,0.0122224,0.0086808,0.01042314,0,0.004173,0.00625321,0.01141306,0.01351602,0.01349248,0.01977901,0.02402422,0.02613334,0.01558617,0.01766717,0.01974926,0.02183652,0.02184237,0.05066893,0.04521499,0.02815559,0.0281797,0.02936892,0.03147544,0.04564522,0.11110836,0.12770781,0.11861669,0.14904887,0.12267538,0.12267538,0.13332235,0.13560021,0.13980239,0.13980239,0.13980239,0.13980239,0.13980239,0.13980239,0.13980239,0.25611611,0.25612652,0.25202531,0.25786413,0.26205531,0.26207287,0.25994845,0.25419497,0.2583922,0.2562937,0.25839121,0.2583908,0.48109357,0.47980306,0.48895001,0.52382689,0.52062311,0.52062311,0.43014152,0.46049444,0.41302309,0.73370325,0.72656459,0.72422154,0.71377668,0.75262668,0.71776143,0.66720422,0.66719134,0.66668477,0.69865937,0.69647778,0.69648106,0.69925593,0.70263834,0.71099271
"GI.3/CFIA_FV_478_13_43479_9/QRQ46993",0.00515564,0.00515564,0.00515564,0.00515564,0.00515564,0.00515564,0.00515564,0.00515564,0.00515564,0.00515564,0.00515564,0.00515564,0.00515564,0.00515564,0.00515564,0.0080511,0.0080494,0.0045078,0.00625014,0.004173,0,0.00208021,0.00724006,0.00934302,0.00931948,0.01560601,0.01985122,0.02196034,0.01141317,0.01349417,0.01557626,0.01766352,0.01766937,0.04649593,0.04104199,0.02398259,0.0240067,0.02519592,0.02730244,0.04147222,0.10693536,0.12353481,0.11444369,0.14487587,0.11850238,0.11850238,0.12914935,0.13142721,0.13562939,0.13562939,0.13562939,0.13562939,0.13562939,0.13562939,0.13562939,0.25194311,0.25195352,0.24785231,0.25369113,0.25788231,0.25789987,0.25577545,0.25002197,0.2542192,0.2521207,0.25421821,0.2542178,0.47692057,0.47563006,0.48477701,0.51965389,0.51645011,0.51645011,0.42596852,0.45632144,0.40885009,0.72953025,0.72239159,0.72004854,0.70960368,0.74845368,0.71358843,0.66303122,0.66301834,0.66251177,0.69448637,0.69230478,0.69230806,0.69508293,0.69846534,0.70681971
"GI.3/CFIA_FV_491_23_43538_14/QRM14432",0.00723585,0.00723585,0.00723585,0.00723585,0.00723585,0.00723585,0.00723585,0.00723585,0.00723585,0.00723585,0.00723585,0.00723585,0.00723585,0.00723585,0.00723585,0.01013131,0.01012961,0.00658801,0.00833035,0.00625321,0.00208021,0,0.00932027,0.01142323,0.01139969,0.01768622,0.02193143,0.02404055,0.01349338,0.01557438,0.01765647,0.01974373,0.01974958,0.04857614,0.0431222,0.0260628,0.02608691,0.02727613,0.02938265,0.04355243,0.10901557,0.12561502,0.1165239,0.14695608,0.12058259,0.12058259,0.13122956,0.13350742,0.1377096,0.1377096,0.1377096,0.1377096,0.1377096,0.1377096,0.1377096,0.25402332,0.25403373,0.24993252,0.25577134,0.25996252,0.25998008,0.25785566,0.25210218,0.25629941,0.25420091,0.25629842,0.25629801,0.47900078,0.47771027,0.48685722,0.5217341,0.51853032,0.51853032,0.42804873,0.45840165,0.4109303,0.73161046,0.7244718,0.72212875,0.71168389,0.75053389,0.71566864,0.66511143,0.66509855,0.66459198,0.69656658,0.69438499,0.69438827,0.69716314,0.70054555,0.70889992
"GI.3/NORO_89_01_04_2015/AWR17843",0.00208442,0.00208442,0.00208442,0.00208442,0.00208442,0.00208442,0.00208442,0.00208442,0.00208442,0.00208442,0.00208442,0.00208442,0.00208442,0.00208442,0.00208442,0.00497988,0.00497818,0.00757062,0.00931296,0.01141306,0.00724006,0.00932027,0,0.0062718,0.00624826,0.01253479,0.01678,0.01888912,0.00834195,0.01042295,0.01250504,0.0145923,0.01459815,0.04342471,0.03797077,0.02091137,0.02093548,0.0221247,0.02423122,0.038401,0.10386414,0.12046359,0.11137247,0.14180465,0.11543116,0.11543116,0.12607813,0.12835599,0.13255817,0.13255817,0.13255817,0.13255817,0.13255817,0.13255817,0.13255817,0.24887189,0.2488823,0.24478109,0.25061991,0.25481109,0.25482865,0.25270423,0.24695075,0.25114798,0.24904948,0.25114699,0.25114658,0.47384935,0.47255884,0.48170579,0.51658267,0.51337889,0.51337889,0.4228973,0.45325022,0.40577887,0.72645903,0.71932037,0.71697732,0.70653246,0.74538246,0.71051721,0.65996,0.65994712,0.65944055,0.69141515,0.68923356,0.68923684,0.69201171,0.69539412,0.70374849
"GI.3/NORO_198_10_11_2015/AWR17636",0.00418738,0.00418738,0.00418738,0.00418738,0.00418738,0.00418738,0.00418738,0.00418738,0.00418738,0.00418738,0.00418738,0.00418738,0.00418738,0.00418738,0.00418738,0.00708284,0.00708114,0.00967358,0.01141592,0.01351602,0.00934302,0.01142323,0.0062718,0,0.00835122,0.01463775,0.01888296,0.02099208,0.01044491,0.01252591,0.014608,0.01669526,0.01670111,0.04552767,0.04007373,0.02301433,0.02303844,0.02422766,0.02633418,0.04050396,0.1059671,0.12256655,0.11347543,0.14390761,0.11753412,0.11753412,0.12818109,0.13045895,0.13466113,0.13466113,0.13466113,0.13466113,0.13466113,0.13466113,0.13466113,0.25097485,0.25098526,0.24688405,0.25272287,0.25691405,0.25693161,0.25480719,0.24905371,0.25325094,0.25115244,0.25324995,0.25324954,0.47595231,0.4746618,0.48380875,0.51868563,0.51548185,0.51548185,0.42500026,0.45535318,0.40788183,0.72856199,0.72142333,0.71908028,0.70863542,0.74748542,0.71262017,0.66206296,0.66205008,0.66154351,0.69351811,0.69133652,0.6913398,0.69411467,0.69749708,0.70585145
"GI.3/FS421_2014/BBD74610",0.00416384,0.00416384,0.00416384,0.00416384,0.00416384,0.00416384,0.00416384,0.00416384,0.00416384,0.00416384,0.00416384,0.00416384,0.00416384,0.00416384,0.00416384,0.0070593,0.0070576,0.00965004,0.01139238,0.01349248,0.00931948,0.01139969,0.00624826,0.00835122,0,0.01045379,0.014699,0.01680812,0.00626095,0.00834195,0.01042404,0.0125113,0.01251715,0.04134371,0.03588977,0.01883037,0.01885448,0.0200437,0.02215022,0.03632,0.10178314,0.11838259,0.10929147,0.13972365,0.11335016,0.11335016,0.12399713,0.12627499,0.13047717,0.13047717,0.13047717,0.13047717,0.13047717,0.13047717,0.13047717,0.24679089,0.2468013,0.24270009,0.24853891,0.25273009,0.25274765,0.25062323,0.24486975,0.24906698,0.24696848,0.24906599,0.24906558,0.47176835,0.47047784,0.47962479,0.51450167,0.51129789,0.51129789,0.4208163,0.45116922,0.40369787,0.72437803,0.71723937,0.71489632,0.70445146,0.74330146,0.70843621,0.657879,0.65786612,0.65735955,0.68933415,0.68715256,0.68715584,0.68993071,0.69331312,0.70166749
"GI.3/CS0048/QHW16218",0.01045037,0.01045037,0.01045037,0.01045037,0.01045037,0.01045037,0.01045037,0.01045037,0.01045037,0.01045037,0.01045037,0.01045037,0.01045037,0.01045037,0.01045037,0.01334583,0.01334413,0.01593657,0.01767891,0.01977901,0.01560601,0.01768622,0.01253479,0.01463775,0.01045379,0,0.00839243,0.01050155,0.00834178,0.01042278,0.01250487,0.01459213,0.01459798,0.04342454,0.0379706,0.0209112,0.02093531,0.02212453,0.02423105,0.03840083,0.10386397,0.12046342,0.1113723,0.14180448,0.11543099,0.11543099,0.12607796,0.12835582,0.132558,0.132558,0.132558,0.132558,0.132558,0.132558,0.132558,0.24887172,0.24888213,0.24478092,0.25061974,0.25481092,0.25482848,0.25270406,0.24695058,0.25114781,0.24904931,0.25114682,0.25114641,0.47384918,0.47255867,0.48170562,0.5165825,0.51337872,0.51337872,0.42289713,0.45325005,0.4057787,0.72645886,0.7193202,0.71697715,0.70653229,0.74538229,0.71051704,0.65995983,0.65994695,0.65944038,0.69141498,0.68923339,0.68923667,0.69201154,0.69539395,0.70374832
"GI.3/JKPG_881/ACX33982",0.01469558,0.01469558,0.01469558,0.01469558,0.01469558,0.01469558,0.01469558,0.01469558,0.01469558,0.01469558,0.01469558,0.01469558,0.01469558,0.01469558,0.01469558,0.01759104,0.01758934,0.02018178,0.02192412,0.02402422,0.01985122,0.02193143,0.01678,0.01888296,0.014699,0.00839243,0,0.00629032,0.01258699,0.01466799,0.01675008,0.01883734,0.01884319,0.04766975,0.04221581,0.02515641,0.02518052,0.02636974,0.02847626,0.04264604,0.10810918,0.12470863,0.11561751,0.14604969,0.1196762,0.1196762,0.13032317,0.13260103,0.13680321,0.13680321,0.13680321,0.13680321,0.13680321,0.13680321,0.13680321,0.25311693,0.25312734,0.24902613,0.25486495,0.25905613,0.25907369,0.25694927,0.25119579,0.25539302,0.25329452,0.25539203,0.25539162,0.47809439,0.47680388,0.48595083,0.52082771,0.51762393,0.51762393,0.42714234,0.45749526,0.41002391,0.73070407,0.72356541,0.72122236,0.7107775,0.7496275,0.71476225,0.66420504,0.66419216,0.66368559,0.69566019,0.6934786,0.69348188,0.69625675,0.69963916,0.70799353
"GI.3/JKPG_883/ACX33983",0.0168047,0.0168047,0.0168047,0.0168047,0.0168047,0.0168047,0.0168047,0.0168047,0.0168047,0.0168047,0.0168047,0.0168047,0.0168047,0.0168047,0.0168047,0.01970016,0.01969846,0.0222909,0.02403324,0.02613334,0.02196034,0.02404055,0.01888912,0.02099208,0.01680812,0.01050155,0.00629032,0,0.01469611,0.01677711,0.0188592,0.02094646,0.02095231,0.04977887,0.04432493,0.02726553,0.02728964,0.02847886,0.03058538,0.04475516,0.1102183,0.12681775,0.11772663,0.14815881,0.12178532,0.12178532,0.13243229,0.13471015,0.13891233,0.13891233,0.13891233,0.13891233,0.13891233,0.13891233,0.13891233,0.25522605,0.25523646,0.25113525,0.25697407,0.26116525,0.26118281,0.25905839,0.25330491,0.25750214,0.25540364,0.25750115,0.25750074,0.48020351,0.478913,0.48805995,0.52293683,0.51973305,0.51973305,0.42925146,0.45960438,0.41213303,0.73281319,0.72567453,0.72333148,0.71288662,0.75173662,0.71687137,0.66631416,0.66630128,0.66579471,0.69776931,0.69558772,0.695591,0.69836587,0.70174828,0.71010265
"GI.3/0304_19/ARI71147",0.00625753,0.00625753,0.00625753,0.00625753,0.00625753,0.00625753,0.00625753,0.00625753,0.00625753,0.00625753,0.00625753,0.00625753,0.00625753,0.00625753,0.00625753,0.00915299,0.00915129,0.01174373,0.01348607,0.01558617,0.01141317,0.01349338,0.00834195,0.01044491,0.00626095,0.00834178,0.01258699,0.01469611,0,0.002081,0.00416309,0.00625035,0.0062562,0.03508276,0.02962882,0.01256942,0.01259353,0.01378275,0.01588927,0.03005905,0.09552219,0.11212164,0.10303052,0.1334627,0.10708921,0.10708921,0.11773618,0.12001404,0.12421622,0.12421622,0.12421622,0.12421622,0.12421622,0.12421622,0.12421622,0.24052994,0.24054035,0.23643914,0.24227796,0.24646914,0.2464867,0.24436228,0.2386088,0.24280603,0.24070753,0.24280504,0.24280463,0.4655074,0.46421689,0.47336384,0.50824072,0.50503694,0.50503694,0.41455535,0.44490827,0.39743692,0.71811708,0.71097842,0.70863537,0.69819051,0.73704051,0.70217526,0.65161805,0.65160517,0.6510986,0.6830732,0.68089161,0.68089489,0.68366976,0.68705217,0.69540654
"GI.3/Potsdam_196/AAL32455",0.00833853,0.00833853,0.00833853,0.00833853,0.00833853,0.00833853,0.00833853,0.00833853,0.00833853,0.00833853,0.00833853,0.00833853,0.00833853,0.00833853,0.00833853,0.01123399,0.01123229,0.01382473,0.01556707,0.01766717,0.01349417,0.01557438,0.01042295,0.01252591,0.00834195,0.01042278,0.01466799,0.01677711,0.002081,0,0.00624409,0.00833135,0.0083372,0.03716376,0.03170982,0.01465042,0.01467453,0.01586375,0.01797027,0.03214005,0.09760319,0.11420264,0.10511152,0.1355437,0.10917021,0.10917021,0.11981718,0.12209504,0.12629722,0.12629722,0.12629722,0.12629722,0.12629722,0.12629722,0.12629722,0.24261094,0.24262135,0.23852014,0.24435896,0.24855014,0.2485677,0.24644328,0.2406898,0.24488703,0.24278853,0.24488604,0.24488563,0.4675884,0.46629789,0.47544484,0.51032172,0.50711794,0.50711794,0.41663635,0.44698927,0.39951792,0.72019808,0.71305942,0.71071637,0.70027151,0.73912151,0.70425626,0.65369905,0.65368617,0.6531796,0.6851542,0.68297261,0.68297589,0.68575076,0.68913317,0.69748754
"GI.3/Shimizu/KK2866/AII73765",0.01042062,0.01042062,0.01042062,0.01042062,0.01042062,0.01042062,0.01042062,0.01042062,0.01042062,0.01042062,0.01042062,0.01042062,0.01042062,0.01042062,0.01042062,0.01331608,0.01331438,0.01590682,0.01764916,0.01974926,0.01557626,0.01765647,0.01250504,0.014608,0.01042404,0.01250487,0.01675008,0.0188592,0.00416309,0.00624409,0,0.00624906,0.00625491,0.03924585,0.03379191,0.01673251,0.01675662,0.01794584,0.02005236,0.03422214,0.09968528,0.11628473,0.10719361,0.13762579,0.1112523,0.1112523,0.12189927,0.12417713,0.12837931,0.12837931,0.12837931,0.12837931,0.12837931,0.12837931,0.12837931,0.24469303,0.24470344,0.24060223,0.24644105,0.25063223,0.25064979,0.24852537,0.24277189,0.24696912,0.24487062,0.24696813,0.24696772,0.46967049,0.46837998,0.47752693,0.51240381,0.50920003,0.50920003,0.41871844,0.44907136,0.40160001,0.72228017,0.71514151,0.71279846,0.7023536,0.7412036,0.70633835,0.65578114,0.65576826,0.65526169,0.68723629,0.6850547,0.68505798,0.68783285,0.69121526,0.69956963
"GI.3/Westport0085/QEP29903",0.01250788,0.01250788,0.01250788,0.01250788,0.01250788,0.01250788,0.01250788,0.01250788,0.01250788,0.01250788,0.01250788,0.01250788,0.01250788,0.01250788,0.01250788,0.01540334,0.01540164,0.01799408,0.01973642,0.02183652,0.01766352,0.01974373,0.0145923,0.01669526,0.0125113,0.01459213,0.01883734,0.02094646,0.00625035,0.00833135,0.00624906,0,0.00834217,0.04133311,0.03587917,0.01881977,0.01884388,0.0200331,0.02213962,0.0363094,0.10177254,0.11837199,0.10928087,0.13971305,0.11333956,0.11333956,0.12398653,0.12626439,0.13046657,0.13046657,0.13046657,0.13046657,0.13046657,0.13046657,0.13046657,0.24678029,0.2467907,0.24268949,0.24852831,0.25271949,0.25273705,0.25061263,0.24485915,0.24905638,0.24695788,0.24905539,0.24905498,0.47175775,0.47046724,0.47961419,0.51449107,0.51128729,0.51128729,0.4208057,0.45115862,0.40368727,0.72436743,0.71722877,0.71488572,0.70444086,0.74329086,0.70842561,0.6578684,0.65785552,0.65734895,0.68932355,0.68714196,0.68714524,0.68992011,0.69330252,0.70165689
"GI.3/Osaka/010314/ABQ44563",0.01251373,0.01251373,0.01251373,0.01251373,0.01251373,0.01251373,0.01251373,0.01251373,0.01251373,0.01251373,0.01251373,0.01251373,0.01251373,0.01251373,0.01251373,0.01540919,0.01540749,0.01799993,0.01974227,0.02184237,0.01766937,0.01974958,0.01459815,0.01670111,0.01251715,0.01459798,0.01884319,0.02095231,0.0062562,0.0083372,0.00625491,0.00834217,0,0.04133896,0.03588502,0.01882562,0.01884973,0.02003895,0.02214547,0.03631525,0.10177839,0.11837784,0.10928672,0.1397189,0.11334541,0.11334541,0.12399238,0.12627024,0.13047242,0.13047242,0.13047242,0.13047242,0.13047242,0.13047242,0.13047242,0.24678614,0.24679655,0.24269534,0.24853416,0.25272534,0.2527429,0.25061848,0.244865,0.24906223,0.24696373,0.24906124,0.24906083,0.4717636,0.47047309,0.47962004,0.51449692,0.51129314,0.51129314,0.42081155,0.45116447,0.40369312,0.72437328,0.71723462,0.71489157,0.70444671,0.74329671,0.70843146,0.65787425,0.65786137,0.6573548,0.6893294,0.68714781,0.68715109,0.68992596,0.69330837,0.70166274
"GI.3/Birmingham/CAB89093",0.04134029,0.04134029,0.04134029,0.04134029,0.04134029,0.04134029,0.04134029,0.04134029,0.04134029,0.04134029,0.04134029,0.04134029,0.04134029,0.04134029,0.04134029,0.04423575,0.04423405,0.04682649,0.04856883,0.05066893,0.04649593,0.04857614,0.04342471,0.04552767,0.04134371,0.04342454,0.04766975,0.04977887,0.03508276,0.03716376,0.03924585,0.04133311,0.04133896,0,0.05646928,0.03940988,0.03943399,0.04062321,0.04272973,0.06097897,0.12644211,0.14304156,0.13395044,0.16438262,0.13800913,0.13800913,0.1486561,0.15093396,0.15513614,0.15513614,0.15513614,0.15513614,0.15513614,0.15513614,0.15513614,0.27144986,0.27146027,0.26735906,0.27319788,0.27738906,0.27740662,0.2752822,0.26952872,0.27372595,0.27162745,0.27372496,0.27372455,0.49642732,0.49513681,0.50428376,0.53916064,0.53595686,0.53595686,0.44547527,0.47582819,0.42835684,0.749037,0.74189834,0.73955529,0.72911043,0.76796043,0.73309518,0.68253797,0.68252509,0.68201852,0.71399312,0.71181153,0.71181481,0.71458968,0.71797209,0.72632646
"GI.3/VA98115/AAK84673",0.03588635,0.03588635,0.03588635,0.03588635,0.03588635,0.03588635,0.03588635,0.03588635,0.03588635,0.03588635,0.03588635,0.03588635,0.03588635,0.03588635,0.03588635,0.03878181,0.03878011,0.04137255,0.04311489,0.04521499,0.04104199,0.0431222,0.03797077,0.04007373,0.03588977,0.0379706,0.04221581,0.04432493,0.02962882,0.03170982,0.03379191,0.03587917,0.03588502,0.05646928,0,0.02127064,0.02968047,0.03086969,0.03297621,0.05552503,0.12098817,0.13758762,0.1284965,0.15892868,0.13255519,0.13255519,0.14320216,0.14548002,0.1496822,0.1496822,0.1496822,0.1496822,0.1496822,0.1496822,0.1496822,0.26599592,0.26600633,0.26190512,0.26774394,0.27193512,0.27195268,0.26982826,0.26407478,0.26827201,0.26617351,0.26827102,0.26827061,0.49097338,0.48968287,0.49882982,0.5337067,0.53050292,0.53050292,0.44002133,0.47037425,0.4229029,0.74358306,0.7364444,0.73410135,0.72365649,0.76250649,0.72764124,0.67708403,0.67707115,0.67656458,0.70853918,0.70635759,0.70636087,0.70913574,0.71251815,0.72087252
"GI.3/AFK75851",0.01882695,0.01882695,0.01882695,0.01882695,0.01882695,0.01882695,0.01882695,0.01882695,0.01882695,0.01882695,0.01882695,0.01882695,0.01882695,0.01882695,0.01882695,0.02172241,0.02172071,0.02431315,0.02605549,0.02815559,0.02398259,0.0260628,0.02091137,0.02301433,0.01883037,0.0209112,0.02515641,0.02726553,0.01256942,0.01465042,0.01673251,0.01881977,0.01882562,0.03940988,0.02127064,0,0.01262107,0.01381029,0.01591681,0.03846563,0.10392877,0.12052822,0.1114371,0.14186928,0.11549579,0.11549579,0.12614276,0.12842062,0.1326228,0.1326228,0.1326228,0.1326228,0.1326228,0.1326228,0.1326228,0.24893652,0.24894693,0.24484572,0.25068454,0.25487572,0.25489328,0.25276886,0.24701538,0.25121261,0.24911411,0.25121162,0.25121121,0.47391398,0.47262347,0.48177042,0.5166473,0.51344352,0.51344352,0.42296193,0.45331485,0.4058435,0.72652366,0.719385,0.71704195,0.70659709,0.74544709,0.71058184,0.66002463,0.66001175,0.65950518,0.69147978,0.68929819,0.68930147,0.69207634,0.69545875,0.70381312
"GI.3/Little_Rock/316/AAL12968",0.01885106,0.01885106,0.01885106,0.01885106,0.01885106,0.01885106,0.01885106,0.01885106,0.01885106,0.01885106,0.01885106,0.01885106,0.01885106,0.01885106,0.01885106,0.02174652,0.02174482,0.02433726,0.0260796,0.0281797,0.0240067,0.02608691,0.02093548,0.02303844,0.01885448,0.02093531,0.02518052,0.02728964,0.01259353,0.01467453,0.01675662,0.01884388,0.01884973,0.03943399,0.02968047,0.01262107,0,0.0138344,0.01594092,0.03848974,0.10395288,0.12055233,0.11146121,0.14189339,0.1155199,0.1155199,0.12616687,0.12844473,0.13264691,0.13264691,0.13264691,0.13264691,0.13264691,0.13264691,0.13264691,0.24896063,0.24897104,0.24486983,0.25070865,0.25489983,0.25491739,0.25279297,0.24703949,0.25123672,0.24913822,0.25123573,0.25123532,0.47393809,0.47264758,0.48179453,0.51667141,0.51346763,0.51346763,0.42298604,0.45333896,0.40586761,0.72654777,0.71940911,0.71706606,0.7066212,0.7454712,0.71060595,0.66004874,0.66003586,0.65952929,0.69150389,0.6893223,0.68932558,0.69210045,0.69548286,0.70383723
"GI.3/Honolulu/219/AAL12962",0.02004028,0.02004028,0.02004028,0.02004028,0.02004028,0.02004028,0.02004028,0.02004028,0.02004028,0.02004028,0.02004028,0.02004028,0.02004028,0.02004028,0.02004028,0.02293574,0.02293404,0.02552648,0.02726882,0.02936892,0.02519592,0.02727613,0.0221247,0.02422766,0.0200437,0.02212453,0.02636974,0.02847886,0.01378275,0.01586375,0.01794584,0.0200331,0.02003895,0.04062321,0.03086969,0.01381029,0.0138344,0,0.01469518,0.03967896,0.1051421,0.12174155,0.11265043,0.14308261,0.11670912,0.11670912,0.12735609,0.12963395,0.13383613,0.13383613,0.13383613,0.13383613,0.13383613,0.13383613,0.13383613,0.25014985,0.25016026,0.24605905,0.25189787,0.25608905,0.25610661,0.25398219,0.24822871,0.25242594,0.25032744,0.25242495,0.25242454,0.47512731,0.4738368,0.48298375,0.51786063,0.51465685,0.51465685,0.42417526,0.45452818,0.40705683,0.72773699,0.72059833,0.71825528,0.70781042,0.74666042,0.71179517,0.66123796,0.66122508,0.66071851,0.69269311,0.69051152,0.6905148,0.69328967,0.69667208,0.70502645
"GI.3/Stav/95/AAD37377",0.0221468,0.0221468,0.0221468,0.0221468,0.0221468,0.0221468,0.0221468,0.0221468,0.0221468,0.0221468,0.0221468,0.0221468,0.0221468,0.0221468,0.0221468,0.02504226,0.02504056,0.027633,0.02937534,0.03147544,0.02730244,0.02938265,0.02423122,0.02633418,0.02215022,0.02423105,0.02847626,0.03058538,0.01588927,0.01797027,0.02005236,0.02213962,0.02214547,0.04272973,0.03297621,0.01591681,0.01594092,0.01469518,0,0.04178548,0.10724862,0.12384807,0.11475695,0.14518913,0.11881564,0.11881564,0.12946261,0.13174047,0.13594265,0.13594265,0.13594265,0.13594265,0.13594265,0.13594265,0.13594265,0.25225637,0.25226678,0.24816557,0.25400439,0.25819557,0.25821313,0.25608871,0.25033523,0.25453246,0.25243396,0.25453147,0.25453106,0.47723383,0.47594332,0.48509027,0.51996715,0.51676337,0.51676337,0.42628178,0.4566347,0.40916335,0.72984351,0.72270485,0.7203618,0.70991694,0.74876694,0.71390169,0.66334448,0.6633316,0.66282503,0.69479963,0.69261804,0.69262132,0.69539619,0.6987786,0.70713297
"GI.3/Amsterdam/2/1995/AHV83751",0.03631658,0.03631658,0.03631658,0.03631658,0.03631658,0.03631658,0.03631658,0.03631658,0.03631658,0.03631658,0.03631658,0.03631658,0.03631658,0.03631658,0.03631658,0.03921204,0.03921034,0.04180278,0.04354512,0.04564522,0.04147222,0.04355243,0.038401,0.04050396,0.03632,0.03840083,0.04264604,0.04475516,0.03005905,0.03214005,0.03422214,0.0363094,0.03631525,0.06097897,0.05552503,0.03846563,0.03848974,0.03967896,0.04178548,0,0.1214184,0.13801785,0.12892673,0.15935891,0.13298542,0.13298542,0.14363239,0.14591025,0.15011243,0.15011243,0.15011243,0.15011243,0.15011243,0.15011243,0.15011243,0.26642615,0.26643656,0.26233535,0.26817417,0.27236535,0.27238291,0.27025849,0.26450501,0.26870224,0.26660374,0.26870125,0.26870084,0.49140361,0.4901131,0.49926005,0.53413693,0.53093315,0.53093315,0.44045156,0.47080448,0.42333313,0.74401329,0.73687463,0.73453158,0.72408672,0.76293672,0.72807147,0.67751426,0.67750138,0.67699481,0.70896941,0.70678782,0.7067911,0.70956597,0.71294838,0.72130275
"GI.3/EN_3/AOO95034",0.10177972,0.10177972,0.10177972,0.10177972,0.10177972,0.10177972,0.10177972,0.10177972,0.10177972,0.10177972,0.10177972,0.10177972,0.10177972,0.10177972,0.10177972,0.10467518,0.10467348,0.10726592,0.10900826,0.11110836,0.10693536,0.10901557,0.10386414,0.1059671,0.10178314,0.10386397,0.10810918,0.1102183,0.09552219,0.09760319,0.09968528,0.10177254,0.10177839,0.12644211,0.12098817,0.10392877,0.10395288,0.1051421,0.10724862,0.1214184,0,0.03090047,0.02180935,0.16908213,0.14270864,0.14270864,0.15335561,0.15563347,0.15983565,0.15983565,0.15983565,0.15983565,0.15983565,0.15983565,0.15983565,0.27614937,0.27615978,0.27205857,0.27789739,0.28208857,0.28210613,0.27998171,0.27422823,0.27842546,0.27632696,0.27842447,0.27842406,0.50112683,0.49983632,0.50898327,0.54386015,0.54065637,0.54065637,0.45017478,0.4805277,0.43305635,0.75373651,0.74659785,0.7442548,0.73380994,0.77265994,0.73779469,0.68723748,0.6872246,0.68671803,0.71869263,0.71651104,0.71651432,0.71928919,0.7226716,0.73102597
"GI.3/DesertShield395/AAA16285",0.11837917,0.11837917,0.11837917,0.11837917,0.11837917,0.11837917,0.11837917,0.11837917,0.11837917,0.11837917,0.11837917,0.11837917,0.11837917,0.11837917,0.11837917,0.12127463,0.12127293,0.12386537,0.12560771,0.12770781,0.12353481,0.12561502,0.12046359,0.12256655,0.11838259,0.12046342,0.12470863,0.12681775,0.11212164,0.11420264,0.11628473,0.11837199,0.11837784,0.14304156,0.13758762,0.12052822,0.12055233,0.12174155,0.12384807,0.13801785,0.03090047,0,0.02333002,0.18568158,0.15930809,0.15930809,0.16995506,0.17223292,0.1764351,0.1764351,0.1764351,0.1764351,0.1764351,0.1764351,0.1764351,0.29274882,0.29275923,0.28865802,0.29449684,0.29868802,0.29870558,0.29658116,0.29082768,0.29502491,0.29292641,0.29502392,0.29502351,0.51772628,0.51643577,0.52558272,0.5604596,0.55725582,0.55725582,0.46677423,0.49712715,0.4496558,0.77033596,0.7631973,0.76085425,0.75040939,0.78925939,0.75439414,0.70383693,0.70382405,0.70331748,0.73529208,0.73311049,0.73311377,0.73588864,0.73927105,0.74762542
"GI.3/Beijing55042/ACY00647",0.10928805,0.10928805,0.10928805,0.10928805,0.10928805,0.10928805,0.10928805,0.10928805,0.10928805,0.10928805,0.10928805,0.10928805,0.10928805,0.10928805,0.10928805,0.11218351,0.11218181,0.11477425,0.11651659,0.11861669,0.11444369,0.1165239,0.11137247,0.11347543,0.10929147,0.1113723,0.11561751,0.11772663,0.10303052,0.10511152,0.10719361,0.10928087,0.10928672,0.13395044,0.1284965,0.1114371,0.11146121,0.11265043,0.11475695,0.12892673,0.02180935,0.02333002,0,0.17659046,0.15021697,0.15021697,0.16086394,0.1631418,0.16734398,0.16734398,0.16734398,0.16734398,0.16734398,0.16734398,0.16734398,0.2836577,0.28366811,0.2795669,0.28540572,0.2895969,0.28961446,0.28749004,0.28173656,0.28593379,0.28383529,0.2859328,0.28593239,0.50863516,0.50734465,0.5164916,0.55136848,0.5481647,0.5481647,0.45768311,0.48803603,0.44056468,0.76124484,0.75410618,0.75176313,0.74131827,0.78016827,0.74530302,0.69474581,0.69473293,0.69422636,0.72620096,0.72401937,0.72402265,0.72679752,0.73017993,0.7385343
"GI.3/CFIA_FVR_002/QRD99198",0.13972023,0.13972023,0.13972023,0.13972023,0.13972023,0.13972023,0.13972023,0.13972023,0.13972023,0.13972023,0.13972023,0.13972023,0.13972023,0.13972023,0.13972023,0.14261569,0.14261399,0.14520643,0.14694877,0.14904887,0.14487587,0.14695608,0.14180465,0.14390761,0.13972365,0.14180448,0.14604969,0.14815881,0.1334627,0.1355437,0.13762579,0.13971305,0.1397189,0.16438262,0.15892868,0.14186928,0.14189339,0.14308261,0.14518913,0.15935891,0.16908213,0.18568158,0.17659046,0,0.06366157,0.06366157,0.07430854,0.0765864,0.08078858,0.08078858,0.08078858,0.08078858,0.08078858,0.08078858,0.08078858,0.24791006,0.24792047,0.24381926,0.24965808,0.25384926,0.25386682,0.2517424,0.24598892,0.25018615,0.24808765,0.25018516,0.25018475,0.47288752,0.47159701,0.48074396,0.51562084,0.51241706,0.51241706,0.42193547,0.45228839,0.40481704,0.7254972,0.71835854,0.71601549,0.70557063,0.74442063,0.70955538,0.65899817,0.65898529,0.65847872,0.69045332,0.68827173,0.68827501,0.69104988,0.69443229,0.70278666
"GI.3/C9/AFN06738",0.11334674,0.11334674,0.11334674,0.11334674,0.11334674,0.11334674,0.11334674,0.11334674,0.11334674,0.11334674,0.11334674,0.11334674,0.11334674,0.11334674,0.11334674,0.1162422,0.1162405,0.11883294,0.12057528,0.12267538,0.11850238,0.12058259,0.11543116,0.11753412,0.11335016,0.11543099,0.1196762,0.12178532,0.10708921,0.10917021,0.1112523,0.11333956,0.11334541,0.13800913,0.13255519,0.11549579,0.1155199,0.11670912,0.11881564,0.13298542,0.14270864,0.15930809,0.15021697,0.06366157,0,0,0.01064697,0.01292483,0.01712701,0.01712701,0.01712701,0.01712701,0.01712701,0.01712701,0.01712701,0.22153657,0.22154698,0.21744577,0.22328459,0.22747577,0.22749333,0.22536891,0.21961543,0.22381266,0.22171416,0.22381167,0.22381126,0.44651403,0.44522352,0.45437047,0.48924735,0.48604357,0.48604357,0.39556198,0.4259149,0.37844355,0.69912371,0.69198505,0.689642,0.67919714,0.71804714,0.68318189,0.63262468,0.6326118,0.63210523,0.66407983,0.66189824,0.66190152,0.66467639,0.6680588,0.67641317
"GI.3/C91/AFN06737",0.11334674,0.11334674,0.11334674,0.11334674,0.11334674,0.11334674,0.11334674,0.11334674,0.11334674,0.11334674,0.11334674,0.11334674,0.11334674,0.11334674,0.11334674,0.1162422,0.1162405,0.11883294,0.12057528,0.12267538,0.11850238,0.12058259,0.11543116,0.11753412,0.11335016,0.11543099,0.1196762,0.12178532,0.10708921,0.10917021,0.1112523,0.11333956,0.11334541,0.13800913,0.13255519,0.11549579,0.1155199,0.11670912,0.11881564,0.13298542,0.14270864,0.15930809,0.15021697,0.06366157,0,0,0.01064697,0.01292483,0.01712701,0.01712701,0.01712701,0.01712701,0.01712701,0.01712701,0.01712701,0.22153657,0.22154698,0.21744577,0.22328459,0.22747577,0.22749333,0.22536891,0.21961543,0.22381266,0.22171416,0.22381167,0.22381126,0.44651403,0.44522352,0.45437047,0.48924735,0.48604357,0.48604357,0.39556198,0.4259149,0.37844355,0.69912371,0.69198505,0.689642,0.67919714,0.71804714,0.68318189,0.63262468,0.6326118,0.63210523,0.66407983,0.66189824,0.66190152,0.66467639,0.6680588,0.67641317
"GI.3/B8/QPJ58810",0.12399371,0.12399371,0.12399371,0.12399371,0.12399371,0.12399371,0.12399371,0.12399371,0.12399371,0.12399371,0.12399371,0.12399371,0.12399371,0.12399371,0.12399371,0.12688917,0.12688747,0.12947991,0.13122225,0.13332235,0.12914935,0.13122956,0.12607813,0.12818109,0.12399713,0.12607796,0.13032317,0.13243229,0.11773618,0.11981718,0.12189927,0.12398653,0.12399238,0.1486561,0.14320216,0.12614276,0.12616687,0.12735609,0.12946261,0.14363239,0.15335561,0.16995506,0.16086394,0.07430854,0.01064697,0.01064697,0,0.01461624,0.01881842,0.01881842,0.01881842,0.01881842,0.01881842,0.01881842,0.01881842,0.23218354,0.23219395,0.22809274,0.23393156,0.23812274,0.2381403,0.23601588,0.2302624,0.23445963,0.23236113,0.23445864,0.23445823,0.457161,0.45587049,0.46501744,0.49989432,0.49669054,0.49669054,0.40620895,0.43656187,0.38909052,0.70977068,0.70263202,0.70028897,0.68984411,0.72869411,0.69382886,0.64327165,0.64325877,0.6427522,0.6747268,0.67254521,0.67254849,0.67532336,0.67870577,0.68706014
"GI.3/18N239/QQL02664",0.12627157,0.12627157,0.12627157,0.12627157,0.12627157,0.12627157,0.12627157,0.12627157,0.12627157,0.12627157,0.12627157,0.12627157,0.12627157,0.12627157,0.12627157,0.12916703,0.12916533,0.13175777,0.13350011,0.13560021,0.13142721,0.13350742,0.12835599,0.13045895,0.12627499,0.12835582,0.13260103,0.13471015,0.12001404,0.12209504,0.12417713,0.12626439,0.12627024,0.15093396,0.14548002,0.12842062,0.12844473,0.12963395,0.13174047,0.14591025,0.15563347,0.17223292,0.1631418,0.0765864,0.01292483,0.01292483,0.01461624,0,0.00420218,0.00420218,0.00420218,0.00420218,0.00420218,0.00420218,0.00420218,0.2344614,0.23447181,0.2303706,0.23620942,0.2404006,0.24041816,0.23829374,0.23254026,0.23673749,0.23463899,0.2367365,0.23673609,0.45943886,0.45814835,0.4672953,0.50217218,0.4989684,0.4989684,0.40848681,0.43883973,0.39136838,0.71204854,0.70490988,0.70256683,0.69212197,0.73097197,0.69610672,0.64554951,0.64553663,0.64503006,0.67700466,0.67482307,0.67482635,0.67760122,0.68098363,0.689338
"GI.3/Nashville_0047/AZJ17766",0.13047375,0.13047375,0.13047375,0.13047375,0.13047375,0.13047375,0.13047375,0.13047375,0.13047375,0.13047375,0.13047375,0.13047375,0.13047375,0.13047375,0.13047375,0.13336921,0.13336751,0.13595995,0.13770229,0.13980239,0.13562939,0.1377096,0.13255817,0.13466113,0.13047717,0.132558,0.13680321,0.13891233,0.12421622,0.12629722,0.12837931,0.13046657,0.13047242,0.15513614,0.1496822,0.1326228,0.13264691,0.13383613,0.13594265,0.15011243,0.15983565,0.1764351,0.16734398,0.08078858,0.01712701,0.01712701,0.01881842,0.00420218,0,0,0,0,0,0,0,0.23866358,0.23867399,0.23457278,0.2404116,0.24460278,0.24462034,0.24249592,0.23674244,0.24093967,0.23884117,0.24093868,0.24093827,0.46364104,0.46235053,0.47149748,0.50637436,0.50317058,0.50317058,0.41268899,0.44304191,0.39557056,0.71625072,0.70911206,0.70676901,0.69632415,0.73517415,0.7003089,0.64975169,0.64973881,0.64923224,0.68120684,0.67902525,0.67902853,0.6818034,0.68518581,0.69354018
"GI.3/G2_12/QXD98775",0.13047375,0.13047375,0.13047375,0.13047375,0.13047375,0.13047375,0.13047375,0.13047375,0.13047375,0.13047375,0.13047375,0.13047375,0.13047375,0.13047375,0.13047375,0.13336921,0.13336751,0.13595995,0.13770229,0.13980239,0.13562939,0.1377096,0.13255817,0.13466113,0.13047717,0.132558,0.13680321,0.13891233,0.12421622,0.12629722,0.12837931,0.13046657,0.13047242,0.15513614,0.1496822,0.1326228,0.13264691,0.13383613,0.13594265,0.15011243,0.15983565,0.1764351,0.16734398,0.08078858,0.01712701,0.01712701,0.01881842,0.00420218,0,0,0,0,0,0,0,0.23866358,0.23867399,0.23457278,0.2404116,0.24460278,0.24462034,0.24249592,0.23674244,0.24093967,0.23884117,0.24093868,0.24093827,0.46364104,0.46235053,0.47149748,0.50637436,0.50317058,0.50317058,0.41268899,0.44304191,0.39557056,0.71625072,0.70911206,0.70676901,0.69632415,0.73517415,0.7003089,0.64975169,0.64973881,0.64923224,0.68120684,0.67902525,0.67902853,0.6818034,0.68518581,0.69354018
"GI.3/BayCity_0088/AZJ17748",0.13047375,0.13047375,0.13047375,0.13047375,0.13047375,0.13047375,0.13047375,0.13047375,0.13047375,0.13047375,0.13047375,0.13047375,0.13047375,0.13047375,0.13047375,0.13336921,0.13336751,0.13595995,0.13770229,0.13980239,0.13562939,0.1377096,0.13255817,0.13466113,0.13047717,0.132558,0.13680321,0.13891233,0.12421622,0.12629722,0.12837931,0.13046657,0.13047242,0.15513614,0.1496822,0.1326228,0.13264691,0.13383613,0.13594265,0.15011243,0.15983565,0.1764351,0.16734398,0.08078858,0.01712701,0.01712701,0.01881842,0.00420218,0,0,0,0,0,0,0,0.23866358,0.23867399,0.23457278,0.2404116,0.24460278,0.24462034,0.24249592,0.23674244,0.24093967,0.23884117,0.24093868,0.24093827,0.46364104,0.46235053,0.47149748,0.50637436,0.50317058,0.50317058,0.41268899,0.44304191,0.39557056,0.71625072,0.70911206,0.70676901,0.69632415,0.73517415,0.7003089,0.64975169,0.64973881,0.64923224,0.68120684,0.67902525,0.67902853,0.6818034,0.68518581,0.69354018
"GI.3/G5_10/QXD98781",0.13047375,0.13047375,0.13047375,0.13047375,0.13047375,0.13047375,0.13047375,0.13047375,0.13047375,0.13047375,0.13047375,0.13047375,0.13047375,0.13047375,0.13047375,0.13336921,0.13336751,0.13595995,0.13770229,0.13980239,0.13562939,0.1377096,0.13255817,0.13466113,0.13047717,0.132558,0.13680321,0.13891233,0.12421622,0.12629722,0.12837931,0.13046657,0.13047242,0.15513614,0.1496822,0.1326228,0.13264691,0.13383613,0.13594265,0.15011243,0.15983565,0.1764351,0.16734398,0.08078858,0.01712701,0.01712701,0.01881842,0.00420218,0,0,0,0,0,0,0,0.23866358,0.23867399,0.23457278,0.2404116,0.24460278,0.24462034,0.24249592,0.23674244,0.24093967,0.23884117,0.24093868,0.24093827,0.46364104,0.46235053,0.47149748,0.50637436,0.50317058,0.50317058,0.41268899,0.44304191,0.39557056,0.71625072,0.70911206,0.70676901,0.69632415,0.73517415,0.7003089,0.64975169,0.64973881,0.64923224,0.68120684,0.67902525,0.67902853,0.6818034,0.68518581,0.69354018
"GI.3/G7_8/QXD98784",0.13047375,0.13047375,0.13047375,0.13047375,0.13047375,0.13047375,0.13047375,0.13047375,0.13047375,0.13047375,0.13047375,0.13047375,0.13047375,0.13047375,0.13047375,0.13336921,0.13336751,0.13595995,0.13770229,0.13980239,0.13562939,0.1377096,0.13255817,0.13466113,0.13047717,0.132558,0.13680321,0.13891233,0.12421622,0.12629722,0.12837931,0.13046657,0.13047242,0.15513614,0.1496822,0.1326228,0.13264691,0.13383613,0.13594265,0.15011243,0.15983565,0.1764351,0.16734398,0.08078858,0.01712701,0.01712701,0.01881842,0.00420218,0,0,0,0,0,0,0,0.23866358,0.23867399,0.23457278,0.2404116,0.24460278,0.24462034,0.24249592,0.23674244,0.24093967,0.23884117,0.24093868,0.24093827,0.46364104,0.46235053,0.47149748,0.50637436,0.50317058,0.50317058,0.41268899,0.44304191,0.39557056,0.71625072,0.70911206,0.70676901,0.69632415,0.73517415,0.7003089,0.64975169,0.64973881,0.64923224,0.68120684,0.67902525,0.67902853,0.6818034,0.68518581,0.69354018
"GI.3/Nashville_0046/AZJ17763",0.13047375,0.13047375,0.13047375,0.13047375,0.13047375,0.13047375,0.13047375,0.13047375,0.13047375,0.13047375,0.13047375,0.13047375,0.13047375,0.13047375,0.13047375,0.13336921,0.13336751,0.13595995,0.13770229,0.13980239,0.13562939,0.1377096,0.13255817,0.13466113,0.13047717,0.132558,0.13680321,0.13891233,0.12421622,0.12629722,0.12837931,0.13046657,0.13047242,0.15513614,0.1496822,0.1326228,0.13264691,0.13383613,0.13594265,0.15011243,0.15983565,0.1764351,0.16734398,0.08078858,0.01712701,0.01712701,0.01881842,0.00420218,0,0,0,0,0,0,0,0.23866358,0.23867399,0.23457278,0.2404116,0.24460278,0.24462034,0.24249592,0.23674244,0.24093967,0.23884117,0.24093868,0.24093827,0.46364104,0.46235053,0.47149748,0.50637436,0.50317058,0.50317058,0.41268899,0.44304191,0.39557056,0.71625072,0.70911206,0.70676901,0.69632415,0.73517415,0.7003089,0.64975169,0.64973881,0.64923224,0.68120684,0.67902525,0.67902853,0.6818034,0.68518581,0.69354018
"GI.3/G5_9/QXD98778",0.13047375,0.13047375,0.13047375,0.13047375,0.13047375,0.13047375,0.13047375,0.13047375,0.13047375,0.13047375,0.13047375,0.13047375,0.13047375,0.13047375,0.13047375,0.13336921,0.13336751,0.13595995,0.13770229,0.13980239,0.13562939,0.1377096,0.13255817,0.13466113,0.13047717,0.132558,0.13680321,0.13891233,0.12421622,0.12629722,0.12837931,0.13046657,0.13047242,0.15513614,0.1496822,0.1326228,0.13264691,0.13383613,0.13594265,0.15011243,0.15983565,0.1764351,0.16734398,0.08078858,0.01712701,0.01712701,0.01881842,0.00420218,0,0,0,0,0,0,0,0.23866358,0.23867399,0.23457278,0.2404116,0.24460278,0.24462034,0.24249592,0.23674244,0.24093967,0.23884117,0.24093868,0.24093827,0.46364104,0.46235053,0.47149748,0.50637436,0.50317058,0.50317058,0.41268899,0.44304191,0.39557056,0.71625072,0.70911206,0.70676901,0.69632415,0.73517415,0.7003089,0.64975169,0.64973881,0.64923224,0.68120684,0.67902525,0.67902853,0.6818034,0.68518581,0.69354018
"GI.3/OS_32/LC122713",0.24678747,0.24678747,0.24678747,0.24678747,0.24678747,0.24678747,0.24678747,0.24678747,0.24678747,0.24678747,0.24678747,0.24678747,0.24678747,0.24678747,0.24678747,0.24968293,0.24968123,0.25227367,0.25401601,0.25611611,0.25194311,0.25402332,0.24887189,0.25097485,0.24679089,0.24887172,0.25311693,0.25522605,0.24052994,0.24261094,0.24469303,0.24678029,0.24678614,0.27144986,0.26599592,0.24893652,0.24896063,0.25014985,0.25225637,0.26642615,0.27614937,0.29274882,0.2836577,0.24791006,0.22153657,0.22153657,0.23218354,0.2344614,0.23866358,0.23866358,0.23866358,0.23866358,0.23866358,0.23866358,0.23866358,0,0.00410895,0.0040908,0.18497172,0.1891629,0.18918046,0.18705604,0.18130256,0.18549979,0.18340129,0.1854988,0.18549839,0.50874748,0.50745697,0.51660392,0.5514808,0.54827702,0.54827702,0.45779543,0.48814835,0.440677,0.76135716,0.7542185,0.75187545,0.74143059,0.78028059,0.74541534,0.69485813,0.69484525,0.69433868,0.72631328,0.72413169,0.72413497,0.72690984,0.73029225,0.73864662
"GI.3/DS275/QPJ58855",0.24679788,0.24679788,0.24679788,0.24679788,0.24679788,0.24679788,0.24679788,0.24679788,0.24679788,0.24679788,0.24679788,0.24679788,0.24679788,0.24679788,0.24679788,0.24969334,0.24969164,0.25228408,0.25402642,0.25612652,0.25195352,0.25403373,0.2488823,0.25098526,0.2468013,0.24888213,0.25312734,0.25523646,0.24054035,0.24262135,0.24470344,0.2467907,0.24679655,0.27146027,0.26600633,0.24894693,0.24897104,0.25016026,0.25226678,0.26643656,0.27615978,0.29275923,0.28366811,0.24792047,0.22154698,0.22154698,0.23219395,0.23447181,0.23867399,0.23867399,0.23867399,0.23867399,0.23867399,0.23867399,0.23867399,0.00410895,0,0.00410121,0.18498213,0.18917331,0.18919087,0.18706645,0.18131297,0.1855102,0.1834117,0.18550921,0.1855088,0.50875789,0.50746738,0.51661433,0.55149121,0.54828743,0.54828743,0.45780584,0.48815876,0.44068741,0.76136757,0.75422891,0.75188586,0.741441,0.780291,0.74542575,0.69486854,0.69485566,0.69434909,0.72632369,0.7241421,0.72414538,0.72692025,0.73030266,0.73865703
"GI.NA/3718VLC/Spain/ON033826",0.24269667,0.24269667,0.24269667,0.24269667,0.24269667,0.24269667,0.24269667,0.24269667,0.24269667,0.24269667,0.24269667,0.24269667,0.24269667,0.24269667,0.24269667,0.24559213,0.24559043,0.24818287,0.24992521,0.25202531,0.24785231,0.24993252,0.24478109,0.24688405,0.24270009,0.24478092,0.24902613,0.25113525,0.23643914,0.23852014,0.24060223,0.24268949,0.24269534,0.26735906,0.26190512,0.24484572,0.24486983,0.24605905,0.24816557,0.26233535,0.27205857,0.28865802,0.2795669,0.24381926,0.21744577,0.21744577,0.22809274,0.2303706,0.23457278,0.23457278,0.23457278,0.23457278,0.23457278,0.23457278,0.23457278,0.0040908,0.00410121,0,0.18088092,0.1850721,0.18508966,0.18296524,0.17721176,0.18140899,0.17931049,0.181408,0.18140759,0.50465668,0.50336617,0.51251312,0.54739,0.54418622,0.54418622,0.45370463,0.48405755,0.4365862,0.75726636,0.7501277,0.74778465,0.73733979,0.77618979,0.74132454,0.69076733,0.69075445,0.69024788,0.72222248,0.72004089,0.72004417,0.72281904,0.72620145,0.73455582
"GI.3/20200221_ASE_08_GI.3_LPV/QUF08421",0.24853549,0.24853549,0.24853549,0.24853549,0.24853549,0.24853549,0.24853549,0.24853549,0.24853549,0.24853549,0.24853549,0.24853549,0.24853549,0.24853549,0.24853549,0.25143095,0.25142925,0.25402169,0.25576403,0.25786413,0.25369113,0.25577134,0.25061991,0.25272287,0.24853891,0.25061974,0.25486495,0.25697407,0.24227796,0.24435896,0.24644105,0.24852831,0.24853416,0.27319788,0.26774394,0.25068454,0.25070865,0.25189787,0.25400439,0.26817417,0.27789739,0.29449684,0.28540572,0.24965808,0.22328459,0.22328459,0.23393156,0.23620942,0.2404116,0.2404116,0.2404116,0.2404116,0.2404116,0.2404116,0.2404116,0.18497172,0.18498213,0.18088092,0,0.00836154,0.0083791,0.00625468,0.03631136,0.04050859,0.03841009,0.0405076,0.04050719,0.5104955,0.50920499,0.51835194,0.55322882,0.55002504,0.55002504,0.45954345,0.48989637,0.44242502,0.76310518,0.75596652,0.75362347,0.74317861,0.78202861,0.74716336,0.69660615,0.69659327,0.6960867,0.7280613,0.72587971,0.72588299,0.72865786,0.73204027,0.74039464
"GI.3/20200226_MWE_01_GI.3_LPV/QUF08423",0.25272667,0.25272667,0.25272667,0.25272667,0.25272667,0.25272667,0.25272667,0.25272667,0.25272667,0.25272667,0.25272667,0.25272667,0.25272667,0.25272667,0.25272667,0.25562213,0.25562043,0.25821287,0.25995521,0.26205531,0.25788231,0.25996252,0.25481109,0.25691405,0.25273009,0.25481092,0.25905613,0.26116525,0.24646914,0.24855014,0.25063223,0.25271949,0.25272534,0.27738906,0.27193512,0.25487572,0.25489983,0.25608905,0.25819557,0.27236535,0.28208857,0.29868802,0.2895969,0.25384926,0.22747577,0.22747577,0.23812274,0.2404006,0.24460278,0.24460278,0.24460278,0.24460278,0.24460278,0.24460278,0.24460278,0.1891629,0.18917331,0.1850721,0.00836154,0,0.01257028,0.01044586,0.04050254,0.04469977,0.04260127,0.04469878,0.04469837,0.51468668,0.51339617,0.52254312,0.55742,0.55421622,0.55421622,0.46373463,0.49408755,0.4466162,0.76729636,0.7601577,0.75781465,0.74736979,0.78621979,0.75135454,0.70079733,0.70078445,0.70027788,0.73225248,0.73007089,0.73007417,0.73284904,0.73623145,0.74458582
"GI.3/20200408_MWE_01_GI.3_LPV/QUF08432",0.25274423,0.25274423,0.25274423,0.25274423,0.25274423,0.25274423,0.25274423,0.25274423,0.25274423,0.25274423,0.25274423,0.25274423,0.25274423,0.25274423,0.25274423,0.25563969,0.25563799,0.25823043,0.25997277,0.26207287,0.25789987,0.25998008,0.25482865,0.25693161,0.25274765,0.25482848,0.25907369,0.26118281,0.2464867,0.2485677,0.25064979,0.25273705,0.2527429,0.27740662,0.27195268,0.25489328,0.25491739,0.25610661,0.25821313,0.27238291,0.28210613,0.29870558,0.28961446,0.25386682,0.22749333,0.22749333,0.2381403,0.24041816,0.24462034,0.24462034,0.24462034,0.24462034,0.24462034,0.24462034,0.24462034,0.18918046,0.18919087,0.18508966,0.0083791,0.01257028,0,0.01046342,0.0405201,0.04471733,0.04261883,0.04471634,0.04471593,0.51470424,0.51341373,0.52256068,0.55743756,0.55423378,0.55423378,0.46375219,0.49410511,0.44663376,0.76731392,0.76017526,0.75783221,0.74738735,0.78623735,0.7513721,0.70081489,0.70080201,0.70029544,0.73227004,0.73008845,0.73009173,0.7328666,0.73624901,0.74460338
"GI.3/20200416_ASE_06_GI.3_LPV/QUF08433",0.25061981,0.25061981,0.25061981,0.25061981,0.25061981,0.25061981,0.25061981,0.25061981,0.25061981,0.25061981,0.25061981,0.25061981,0.25061981,0.25061981,0.25061981,0.25351527,0.25351357,0.25610601,0.25784835,0.25994845,0.25577545,0.25785566,0.25270423,0.25480719,0.25062323,0.25270406,0.25694927,0.25905839,0.24436228,0.24644328,0.24852537,0.25061263,0.25061848,0.2752822,0.26982826,0.25276886,0.25279297,0.25398219,0.25608871,0.27025849,0.27998171,0.29658116,0.28749004,0.2517424,0.22536891,0.22536891,0.23601588,0.23829374,0.24249592,0.24249592,0.24249592,0.24249592,0.24249592,0.24249592,0.24249592,0.18705604,0.18706645,0.18296524,0.00625468,0.01044586,0.01046342,0,0.03839568,0.04259291,0.04049441,0.04259192,0.04259151,0.51257982,0.51128931,0.52043626,0.55531314,0.55210936,0.55210936,0.46162777,0.49198069,0.44450934,0.7651895,0.75805084,0.75570779,0.74526293,0.78411293,0.74924768,0.69869047,0.69867759,0.69817102,0.73014562,0.72796403,0.72796731,0.73074218,0.73412459,0.74247896
"GI.3/10360/AFI08231",0.24486633,0.24486633,0.24486633,0.24486633,0.24486633,0.24486633,0.24486633,0.24486633,0.24486633,0.24486633,0.24486633,0.24486633,0.24486633,0.24486633,0.24486633,0.24776179,0.24776009,0.25035253,0.25209487,0.25419497,0.25002197,0.25210218,0.24695075,0.24905371,0.24486975,0.24695058,0.25119579,0.25330491,0.2386088,0.2406898,0.24277189,0.24485915,0.244865,0.26952872,0.26407478,0.24701538,0.24703949,0.24822871,0.25033523,0.26450501,0.27422823,0.29082768,0.28173656,0.24598892,0.21961543,0.21961543,0.2302624,0.23254026,0.23674244,0.23674244,0.23674244,0.23674244,0.23674244,0.23674244,0.23674244,0.18130256,0.18131297,0.17721176,0.03631136,0.04050254,0.0405201,0.03839568,0,0.00419723,0.00209873,0.00419624,0.00419583,0.50682634,0.50553583,0.51468278,0.54955966,0.54635588,0.54635588,0.45587429,0.48622721,0.43875586,0.75943602,0.75229736,0.74995431,0.73950945,0.77835945,0.7434942,0.69293699,0.69292411,0.69241754,0.72439214,0.72221055,0.72221383,0.7249887,0.72837111,0.73672548
"GI.3/Beijing54660/ACY00645",0.24906356,0.24906356,0.24906356,0.24906356,0.24906356,0.24906356,0.24906356,0.24906356,0.24906356,0.24906356,0.24906356,0.24906356,0.24906356,0.24906356,0.24906356,0.25195902,0.25195732,0.25454976,0.2562921,0.2583922,0.2542192,0.25629941,0.25114798,0.25325094,0.24906698,0.25114781,0.25539302,0.25750214,0.24280603,0.24488703,0.24696912,0.24905638,0.24906223,0.27372595,0.26827201,0.25121261,0.25123672,0.25242594,0.25453246,0.26870224,0.27842546,0.29502491,0.28593379,0.25018615,0.22381266,0.22381266,0.23445963,0.23673749,0.24093967,0.24093967,0.24093967,0.24093967,0.24093967,0.24093967,0.24093967,0.18549979,0.1855102,0.18140899,0.04050859,0.04469977,0.04471733,0.04259291,0.00419723,0,0.0020985,0.00419601,0.0041956,0.51102357,0.50973306,0.51888001,0.55375689,0.55055311,0.55055311,0.46007152,0.49042444,0.44295309,0.76363325,0.75649459,0.75415154,0.74370668,0.78255668,0.74769143,0.69713422,0.69712134,0.69661477,0.72858937,0.72640778,0.72641106,0.72918593,0.73256834,0.74092271
"GI.3/E8_UG/AFN06736",0.24696506,0.24696506,0.24696506,0.24696506,0.24696506,0.24696506,0.24696506,0.24696506,0.24696506,0.24696506,0.24696506,0.24696506,0.24696506,0.24696506,0.24696506,0.24986052,0.24985882,0.25245126,0.2541936,0.2562937,0.2521207,0.25420091,0.24904948,0.25115244,0.24696848,0.24904931,0.25329452,0.25540364,0.24070753,0.24278853,0.24487062,0.24695788,0.24696373,0.27162745,0.26617351,0.24911411,0.24913822,0.25032744,0.25243396,0.26660374,0.27632696,0.29292641,0.28383529,0.24808765,0.22171416,0.22171416,0.23236113,0.23463899,0.23884117,0.23884117,0.23884117,0.23884117,0.23884117,0.23884117,0.23884117,0.18340129,0.1834117,0.17931049,0.03841009,0.04260127,0.04261883,0.04049441,0.00209873,0.0020985,0,0.00209751,0.0020971,0.50892507,0.50763456,0.51678151,0.55165839,0.54845461,0.54845461,0.45797302,0.48832594,0.44085459,0.76153475,0.75439609,0.75205304,0.74160818,0.78045818,0.74559293,0.69503572,0.69502284,0.69451627,0.72649087,0.72430928,0.72431256,0.72708743,0.73046984,0.73882421
"GI.3/Akabane/991130/ABQ44566",0.24906257,0.24906257,0.24906257,0.24906257,0.24906257,0.24906257,0.24906257,0.24906257,0.24906257,0.24906257,0.24906257,0.24906257,0.24906257,0.24906257,0.24906257,0.25195803,0.25195633,0.25454877,0.25629111,0.25839121,0.25421821,0.25629842,0.25114699,0.25324995,0.24906599,0.25114682,0.25539203,0.25750115,0.24280504,0.24488604,0.24696813,0.24905539,0.24906124,0.27372496,0.26827102,0.25121162,0.25123573,0.25242495,0.25453147,0.26870125,0.27842447,0.29502392,0.2859328,0.25018516,0.22381167,0.22381167,0.23445864,0.2367365,0.24093868,0.24093868,0.24093868,0.24093868,0.24093868,0.24093868,0.24093868,0.1854988,0.18550921,0.181408,0.0405076,0.04469878,0.04471634,0.04259192,0.00419624,0.00419601,0.00209751,0,0.00419461,0.51102258,0.50973207,0.51887902,0.5537559,0.55055212,0.55055212,0.46007053,0.49042345,0.4429521,0.76363226,0.7564936,0.75415055,0.74370569,0.78255569,0.74769044,0.69713323,0.69712035,0.69661378,0.72858838,0.72640679,0.72641007,0.72918494,0.73256735,0.74092172
"GI.3/Beijing54114/ACY00641",0.24906216,0.24906216,0.24906216,0.24906216,0.24906216,0.24906216,0.24906216,0.24906216,0.24906216,0.24906216,0.24906216,0.24906216,0.24906216,0.24906216,0.24906216,0.25195762,0.25195592,0.25454836,0.2562907,0.2583908,0.2542178,0.25629801,0.25114658,0.25324954,0.24906558,0.25114641,0.25539162,0.25750074,0.24280463,0.24488563,0.24696772,0.24905498,0.24906083,0.27372455,0.26827061,0.25121121,0.25123532,0.25242454,0.25453106,0.26870084,0.27842406,0.29502351,0.28593239,0.25018475,0.22381126,0.22381126,0.23445823,0.23673609,0.24093827,0.24093827,0.24093827,0.24093827,0.24093827,0.24093827,0.24093827,0.18549839,0.1855088,0.18140759,0.04050719,0.04469837,0.04471593,0.04259151,0.00419583,0.0041956,0.0020971,0.00419461,0,0.51102217,0.50973166,0.51887861,0.55375549,0.55055171,0.55055171,0.46007012,0.49042304,0.44295169,0.76363185,0.75649319,0.75415014,0.74370528,0.78255528,0.74769003,0.69713282,0.69711994,0.69661337,0.72858797,0.72640638,0.72640966,0.72918453,0.73256694,0.74092131
"GI.8/HuzhouN10/AGJ52176",0.47176493,0.47176493,0.47176493,0.47176493,0.47176493,0.47176493,0.47176493,0.47176493,0.47176493,0.47176493,0.47176493,0.47176493,0.47176493,0.47176493,0.47176493,0.47466039,0.47465869,0.47725113,0.47899347,0.48109357,0.47692057,0.47900078,0.47384935,0.47595231,0.47176835,0.47384918,0.47809439,0.48020351,0.4655074,0.4675884,0.46967049,0.47175775,0.4717636,0.49642732,0.49097338,0.47391398,0.47393809,0.47512731,0.47723383,0.49140361,0.50112683,0.51772628,0.50863516,0.47288752,0.44651403,0.44651403,0.457161,0.45943886,0.46364104,0.46364104,0.46364104,0.46364104,0.46364104,0.46364104,0.46364104,0.50874748,0.50875789,0.50465668,0.5104955,0.51468668,0.51470424,0.51257982,0.50682634,0.51102357,0.50892507,0.51102258,0.51102217,0,0.00287357,0.02786582,0.37205816,0.36885438,0.36885438,0.50222281,0.53257573,0.48510438,0.80578454,0.79864588,0.79630283,0.78585797,0.82470797,0.78984272,0.73928551,0.73927263,0.73876606,0.77074066,0.76855907,0.76856235,0.77133722,0.77471963,0.783074
"GI.8/2008890321/ADB54834",0.47047442,0.47047442,0.47047442,0.47047442,0.47047442,0.47047442,0.47047442,0.47047442,0.47047442,0.47047442,0.47047442,0.47047442,0.47047442,0.47047442,0.47047442,0.47336988,0.47336818,0.47596062,0.47770296,0.47980306,0.47563006,0.47771027,0.47255884,0.4746618,0.47047784,0.47255867,0.47680388,0.478913,0.46421689,0.46629789,0.46837998,0.47046724,0.47047309,0.49513681,0.48968287,0.47262347,0.47264758,0.4738368,0.47594332,0.4901131,0.49983632,0.51643577,0.50734465,0.47159701,0.44522352,0.44522352,0.45587049,0.45814835,0.46235053,0.46235053,0.46235053,0.46235053,0.46235053,0.46235053,0.46235053,0.50745697,0.50746738,0.50336617,0.50920499,0.51339617,0.51341373,0.51128931,0.50553583,0.50973306,0.50763456,0.50973207,0.50973166,0.00287357,0,0.02657531,0.37076765,0.36756387,0.36756387,0.5009323,0.53128522,0.48381387,0.80449403,0.79735537,0.79501232,0.78456746,0.82341746,0.78855221,0.737995,0.73798212,0.73747555,0.76945015,0.76726856,0.76727184,0.77004671,0.77342912,0.78178349
"GI.8/Boxer/AAN15140",0.47962137,0.47962137,0.47962137,0.47962137,0.47962137,0.47962137,0.47962137,0.47962137,0.47962137,0.47962137,0.47962137,0.47962137,0.47962137,0.47962137,0.47962137,0.48251683,0.48251513,0.48510757,0.48684991,0.48895001,0.48477701,0.48685722,0.48170579,0.48380875,0.47962479,0.48170562,0.48595083,0.48805995,0.47336384,0.47544484,0.47752693,0.47961419,0.47962004,0.50428376,0.49882982,0.48177042,0.48179453,0.48298375,0.48509027,0.49926005,0.50898327,0.52558272,0.5164916,0.48074396,0.45437047,0.45437047,0.46501744,0.4672953,0.47149748,0.47149748,0.47149748,0.47149748,0.47149748,0.47149748,0.47149748,0.51660392,0.51661433,0.51251312,0.51835194,0.52254312,0.52256068,0.52043626,0.51468278,0.51888001,0.51678151,0.51887902,0.51887861,0.02786582,0.02657531,0,0.3799146,0.37671082,0.37671082,0.51007925,0.54043217,0.49296082,0.81364098,0.80650232,0.80415927,0.79371441,0.83256441,0.79769916,0.74714195,0.74712907,0.7466225,0.7785971,0.77641551,0.77641879,0.77919366,0.78257607,0.79093044
"GI.9/Vancouver730/AEA02124",0.51449825,0.51449825,0.51449825,0.51449825,0.51449825,0.51449825,0.51449825,0.51449825,0.51449825,0.51449825,0.51449825,0.51449825,0.51449825,0.51449825,0.51449825,0.51739371,0.51739201,0.51998445,0.52172679,0.52382689,0.51965389,0.5217341,0.51658267,0.51868563,0.51450167,0.5165825,0.52082771,0.52293683,0.50824072,0.51032172,0.51240381,0.51449107,0.51449692,0.53916064,0.5337067,0.5166473,0.51667141,0.51786063,0.51996715,0.53413693,0.54386015,0.5604596,0.55136848,0.51562084,0.48924735,0.48924735,0.49989432,0.50217218,0.50637436,0.50637436,0.50637436,0.50637436,0.50637436,0.50637436,0.50637436,0.5514808,0.55149121,0.54739,0.55322882,0.55742,0.55743756,0.55531314,0.54955966,0.55375689,0.55165839,0.5537559,0.55375549,0.37205816,0.37076765,0.3799146,0,0.00846224,0.00846224,0.54495613,0.57530905,0.5278377,0.84851786,0.8413792,0.83903615,0.82859129,0.86744129,0.83257604,0.78201883,0.78200595,0.78149938,0.81347398,0.81129239,0.81129567,0.81407054,0.81745295,0.82580732
"GI.9/CAIQ12110628/AHA91654",0.51129447,0.51129447,0.51129447,0.51129447,0.51129447,0.51129447,0.51129447,0.51129447,0.51129447,0.51129447,0.51129447,0.51129447,0.51129447,0.51129447,0.51129447,0.51418993,0.51418823,0.51678067,0.51852301,0.52062311,0.51645011,0.51853032,0.51337889,0.51548185,0.51129789,0.51337872,0.51762393,0.51973305,0.50503694,0.50711794,0.50920003,0.51128729,0.51129314,0.53595686,0.53050292,0.51344352,0.51346763,0.51465685,0.51676337,0.53093315,0.54065637,0.55725582,0.5481647,0.51241706,0.48604357,0.48604357,0.49669054,0.4989684,0.50317058,0.50317058,0.50317058,0.50317058,0.50317058,0.50317058,0.50317058,0.54827702,0.54828743,0.54418622,0.55002504,0.55421622,0.55423378,0.55210936,0.54635588,0.55055311,0.54845461,0.55055212,0.55055171,0.36885438,0.36756387,0.37671082,0.00846224,0,0,0.54175235,0.57210527,0.52463392,0.84531408,0.83817542,0.83583237,0.82538751,0.86423751,0.82937226,0.77881505,0.77880217,0.7782956,0.8102702,0.80808861,0.80809189,0.81086676,0.81424917,0.82260354
"GI.9/CAIQ12110630/AHA91656",0.51129447,0.51129447,0.51129447,0.51129447,0.51129447,0.51129447,0.51129447,0.51129447,0.51129447,0.51129447,0.51129447,0.51129447,0.51129447,0.51129447,0.51129447,0.51418993,0.51418823,0.51678067,0.51852301,0.52062311,0.51645011,0.51853032,0.51337889,0.51548185,0.51129789,0.51337872,0.51762393,0.51973305,0.50503694,0.50711794,0.50920003,0.51128729,0.51129314,0.53595686,0.53050292,0.51344352,0.51346763,0.51465685,0.51676337,0.53093315,0.54065637,0.55725582,0.5481647,0.51241706,0.48604357,0.48604357,0.49669054,0.4989684,0.50317058,0.50317058,0.50317058,0.50317058,0.50317058,0.50317058,0.50317058,0.54827702,0.54828743,0.54418622,0.55002504,0.55421622,0.55423378,0.55210936,0.54635588,0.55055311,0.54845461,0.55055212,0.55055171,0.36885438,0.36756387,0.37671082,0.00846224,0,0,0.54175235,0.57210527,0.52463392,0.84531408,0.83817542,0.83583237,0.82538751,0.86423751,0.82937226,0.77881505,0.77880217,0.7782956,0.8102702,0.80808861,0.80809189,0.81086676,0.81424917,0.82260354
"GI.7/Dhaka1882/AVT56083",0.42081288,0.42081288,0.42081288,0.42081288,0.42081288,0.42081288,0.42081288,0.42081288,0.42081288,0.42081288,0.42081288,0.42081288,0.42081288,0.42081288,0.42081288,0.42370834,0.42370664,0.42629908,0.42804142,0.43014152,0.42596852,0.42804873,0.4228973,0.42500026,0.4208163,0.42289713,0.42714234,0.42925146,0.41455535,0.41663635,0.41871844,0.4208057,0.42081155,0.44547527,0.44002133,0.42296193,0.42298604,0.42417526,0.42628178,0.44045156,0.45017478,0.46677423,0.45768311,0.42193547,0.39556198,0.39556198,0.40620895,0.40848681,0.41268899,0.41268899,0.41268899,0.41268899,0.41268899,0.41268899,0.41268899,0.45779543,0.45780584,0.45370463,0.45954345,0.46373463,0.46375219,0.46162777,0.45587429,0.46007152,0.45797302,0.46007053,0.46007012,0.50222281,0.5009323,0.51007925,0.54495613,0.54175235,0.54175235,0,0.1877074,0.14023605,0.66070255,0.65356389,0.65122084,0.64077598,0.67962598,0.64476073,0.59420352,0.59419064,0.59368407,0.62565867,0.62347708,0.62348036,0.62625523,0.62963764,0.63799201
"GI.7/Winchester/CAB89090",0.4511658,0.4511658,0.4511658,0.4511658,0.4511658,0.4511658,0.4511658,0.4511658,0.4511658,0.4511658,0.4511658,0.4511658,0.4511658,0.4511658,0.4511658,0.45406126,0.45405956,0.456652,0.45839434,0.46049444,0.45632144,0.45840165,0.45325022,0.45535318,0.45116922,0.45325005,0.45749526,0.45960438,0.44490827,0.44698927,0.44907136,0.45115862,0.45116447,0.47582819,0.47037425,0.45331485,0.45333896,0.45452818,0.4566347,0.47080448,0.4805277,0.49712715,0.48803603,0.45228839,0.4259149,0.4259149,0.43656187,0.43883973,0.44304191,0.44304191,0.44304191,0.44304191,0.44304191,0.44304191,0.44304191,0.48814835,0.48815876,0.48405755,0.48989637,0.49408755,0.49410511,0.49198069,0.48622721,0.49042444,0.48832594,0.49042345,0.49042304,0.53257573,0.53128522,0.54043217,0.57530905,0.57210527,0.57210527,0.1877074,0,0.05463733,0.69105547,0.68391681,0.68157376,0.6711289,0.7099789,0.67511365,0.62455644,0.62454356,0.62403699,0.65601159,0.65383,0.65383328,0.65660815,0.65999056,0.66834493
"GI.7/CS5567/APA31976",0.40369445,0.40369445,0.40369445,0.40369445,0.40369445,0.40369445,0.40369445,0.40369445,0.40369445,0.40369445,0.40369445,0.40369445,0.40369445,0.40369445,0.40369445,0.40658991,0.40658821,0.40918065,0.41092299,0.41302309,0.40885009,0.4109303,0.40577887,0.40788183,0.40369787,0.4057787,0.41002391,0.41213303,0.39743692,0.39951792,0.40160001,0.40368727,0.40369312,0.42835684,0.4229029,0.4058435,0.40586761,0.40705683,0.40916335,0.42333313,0.43305635,0.4496558,0.44056468,0.40481704,0.37844355,0.37844355,0.38909052,0.39136838,0.39557056,0.39557056,0.39557056,0.39557056,0.39557056,0.39557056,0.39557056,0.440677,0.44068741,0.4365862,0.44242502,0.4466162,0.44663376,0.44450934,0.43875586,0.44295309,0.44085459,0.4429521,0.44295169,0.48510438,0.48381387,0.49296082,0.5278377,0.52463392,0.52463392,0.14023605,0.05463733,0,0.64358412,0.63644546,0.63410241,0.62365755,0.66250755,0.6276423,0.57708509,0.57707221,0.57656564,0.60854024,0.60635865,0.60636193,0.6091368,0.61251921,0.62087358
"GI.6/VA497/AAN15138",0.72437461,0.72437461,0.72437461,0.72437461,0.72437461,0.72437461,0.72437461,0.72437461,0.72437461,0.72437461,0.72437461,0.72437461,0.72437461,0.72437461,0.72437461,0.72727007,0.72726837,0.72986081,0.73160315,0.73370325,0.72953025,0.73161046,0.72645903,0.72856199,0.72437803,0.72645886,0.73070407,0.73281319,0.71811708,0.72019808,0.72228017,0.72436743,0.72437328,0.749037,0.74358306,0.72652366,0.72654777,0.72773699,0.72984351,0.74401329,0.75373651,0.77033596,0.76124484,0.7254972,0.69912371,0.69912371,0.70977068,0.71204854,0.71625072,0.71625072,0.71625072,0.71625072,0.71625072,0.71625072,0.71625072,0.76135716,0.76136757,0.75726636,0.76310518,0.76729636,0.76731392,0.7651895,0.75943602,0.76363325,0.76153475,0.76363226,0.76363185,0.80578454,0.80449403,0.81364098,0.84851786,0.84531408,0.84531408,0.66070255,0.69105547,0.64358412,0,0.0129563,0.06506727,0.47849359,0.51734359,0.48247834,0.51769237,0.51767949,0.51717292,0.54914752,0.54696593,0.54696921,0.54974408,0.55312649,0.56148086
"GI.6/BS5_Hesse/AAC64603",0.71723595,0.71723595,0.71723595,0.71723595,0.71723595,0.71723595,0.71723595,0.71723595,0.71723595,0.71723595,0.71723595,0.71723595,0.71723595,0.71723595,0.71723595,0.72013141,0.72012971,0.72272215,0.72446449,0.72656459,0.72239159,0.7244718,0.71932037,0.72142333,0.71723937,0.7193202,0.72356541,0.72567453,0.71097842,0.71305942,0.71514151,0.71722877,0.71723462,0.74189834,0.7364444,0.719385,0.71940911,0.72059833,0.72270485,0.73687463,0.74659785,0.7631973,0.75410618,0.71835854,0.69198505,0.69198505,0.70263202,0.70490988,0.70911206,0.70911206,0.70911206,0.70911206,0.70911206,0.70911206,0.70911206,0.7542185,0.75422891,0.7501277,0.75596652,0.7601577,0.76017526,0.75805084,0.75229736,0.75649459,0.75439609,0.7564936,0.75649319,0.79864588,0.79735537,0.80650232,0.8413792,0.83817542,0.83817542,0.65356389,0.68391681,0.63644546,0.0129563,0,0.05792861,0.47135493,0.51020493,0.47533968,0.51055371,0.51054083,0.51003426,0.54200886,0.53982727,0.53983055,0.54260542,0.54598783,0.5543422
"GI.6/Osaka321/ABQ44565",0.7148929,0.7148929,0.7148929,0.7148929,0.7148929,0.7148929,0.7148929,0.7148929,0.7148929,0.7148929,0.7148929,0.7148929,0.7148929,0.7148929,0.7148929,0.71778836,0.71778666,0.7203791,0.72212144,0.72422154,0.72004854,0.72212875,0.71697732,0.71908028,0.71489632,0.71697715,0.72122236,0.72333148,0.70863537,0.71071637,0.71279846,0.71488572,0.71489157,0.73955529,0.73410135,0.71704195,0.71706606,0.71825528,0.7203618,0.73453158,0.7442548,0.76085425,0.75176313,0.71601549,0.689642,0.689642,0.70028897,0.70256683,0.70676901,0.70676901,0.70676901,0.70676901,0.70676901,0.70676901,0.70676901,0.75187545,0.75188586,0.74778465,0.75362347,0.75781465,0.75783221,0.75570779,0.74995431,0.75415154,0.75205304,0.75415055,0.75415014,0.79630283,0.79501232,0.80415927,0.83903615,0.83583237,0.83583237,0.65122084,0.68157376,0.63410241,0.06506727,0.05792861,0,0.46901188,0.50786188,0.47299663,0.50821066,0.50819778,0.50769121,0.53966581,0.53748422,0.5374875,0.54026237,0.54364478,0.55199915
"GI.1/BA81265/AXQ39993",0.70444804,0.70444804,0.70444804,0.70444804,0.70444804,0.70444804,0.70444804,0.70444804,0.70444804,0.70444804,0.70444804,0.70444804,0.70444804,0.70444804,0.70444804,0.7073435,0.7073418,0.70993424,0.71167658,0.71377668,0.70960368,0.71168389,0.70653246,0.70863542,0.70445146,0.70653229,0.7107775,0.71288662,0.69819051,0.70027151,0.7023536,0.70444086,0.70444671,0.72911043,0.72365649,0.70659709,0.7066212,0.70781042,0.70991694,0.72408672,0.73380994,0.75040939,0.74131827,0.70557063,0.67919714,0.67919714,0.68984411,0.69212197,0.69632415,0.69632415,0.69632415,0.69632415,0.69632415,0.69632415,0.69632415,0.74143059,0.741441,0.73733979,0.74317861,0.74736979,0.74738735,0.74526293,0.73950945,0.74370668,0.74160818,0.74370569,0.74370528,0.78585797,0.78456746,0.79371441,0.82859129,0.82538751,0.82538751,0.64077598,0.6711289,0.62365755,0.47849359,0.47135493,0.46901188,0,0.06266366,0.02779841,0.4977658,0.49775292,0.49724635,0.52922095,0.52703936,0.52704264,0.52981751,0.53319992,0.54155429
"GI.1/SRSV_KY_89/89/J/AAA59229",0.74329804,0.74329804,0.74329804,0.74329804,0.74329804,0.74329804,0.74329804,0.74329804,0.74329804,0.74329804,0.74329804,0.74329804,0.74329804,0.74329804,0.74329804,0.7461935,0.7461918,0.74878424,0.75052658,0.75262668,0.74845368,0.75053389,0.74538246,0.74748542,0.74330146,0.74538229,0.7496275,0.75173662,0.73704051,0.73912151,0.7412036,0.74329086,0.74329671,0.76796043,0.76250649,0.74544709,0.7454712,0.74666042,0.74876694,0.76293672,0.77265994,0.78925939,0.78016827,0.74442063,0.71804714,0.71804714,0.72869411,0.73097197,0.73517415,0.73517415,0.73517415,0.73517415,0.73517415,0.73517415,0.73517415,0.78028059,0.780291,0.77618979,0.78202861,0.78621979,0.78623735,0.78411293,0.77835945,0.78255668,0.78045818,0.78255569,0.78255528,0.82470797,0.82341746,0.83256441,0.86744129,0.86423751,0.86423751,0.67962598,0.7099789,0.66250755,0.51734359,0.51020493,0.50786188,0.06266366,0,0.03680207,0.5366158,0.53660292,0.53609635,0.56807095,0.56588936,0.56589264,0.56866751,0.57204992,0.58040429
"GI.1/Norwalk/AAB50466",0.70843279,0.70843279,0.70843279,0.70843279,0.70843279,0.70843279,0.70843279,0.70843279,0.70843279,0.70843279,0.70843279,0.70843279,0.70843279,0.70843279,0.70843279,0.71132825,0.71132655,0.71391899,0.71566133,0.71776143,0.71358843,0.71566864,0.71051721,0.71262017,0.70843621,0.71051704,0.71476225,0.71687137,0.70217526,0.70425626,0.70633835,0.70842561,0.70843146,0.73309518,0.72764124,0.71058184,0.71060595,0.71179517,0.71390169,0.72807147,0.73779469,0.75439414,0.74530302,0.70955538,0.68318189,0.68318189,0.69382886,0.69610672,0.7003089,0.7003089,0.7003089,0.7003089,0.7003089,0.7003089,0.7003089,0.74541534,0.74542575,0.74132454,0.74716336,0.75135454,0.7513721,0.74924768,0.7434942,0.74769143,0.74559293,0.74769044,0.74769003,0.78984272,0.78855221,0.79769916,0.83257604,0.82937226,0.82937226,0.64476073,0.67511365,0.6276423,0.48247834,0.47533968,0.47299663,0.02779841,0.03680207,0,0.50175055,0.50173767,0.5012311,0.5332057,0.53102411,0.53102739,0.53380226,0.53718467,0.54553904
"GI.2/Southampton/AAA92984",0.65787558,0.65787558,0.65787558,0.65787558,0.65787558,0.65787558,0.65787558,0.65787558,0.65787558,0.65787558,0.65787558,0.65787558,0.65787558,0.65787558,0.65787558,0.66077104,0.66076934,0.66336178,0.66510412,0.66720422,0.66303122,0.66511143,0.65996,0.66206296,0.657879,0.65995983,0.66420504,0.66631416,0.65161805,0.65369905,0.65578114,0.6578684,0.65787425,0.68253797,0.67708403,0.66002463,0.66004874,0.66123796,0.66334448,0.67751426,0.68723748,0.70383693,0.69474581,0.65899817,0.63262468,0.63262468,0.64327165,0.64554951,0.64975169,0.64975169,0.64975169,0.64975169,0.64975169,0.64975169,0.64975169,0.69485813,0.69486854,0.69076733,0.69660615,0.70079733,0.70081489,0.69869047,0.69293699,0.69713422,0.69503572,0.69713323,0.69713282,0.73928551,0.737995,0.74714195,0.78201883,0.77881505,0.77881505,0.59420352,0.62455644,0.57708509,0.51769237,0.51055371,0.50821066,0.4977658,0.5366158,0.50175055,0,0.00433044,0.00874353,0.40063005,0.39844846,0.39845174,0.40122661,0.40460902,0.41296339
"GI.2/AFK75853",0.6578627,0.6578627,0.6578627,0.6578627,0.6578627,0.6578627,0.6578627,0.6578627,0.6578627,0.6578627,0.6578627,0.6578627,0.6578627,0.6578627,0.6578627,0.66075816,0.66075646,0.6633489,0.66509124,0.66719134,0.66301834,0.66509855,0.65994712,0.66205008,0.65786612,0.65994695,0.66419216,0.66630128,0.65160517,0.65368617,0.65576826,0.65785552,0.65786137,0.68252509,0.67707115,0.66001175,0.66003586,0.66122508,0.6633316,0.67750138,0.6872246,0.70382405,0.69473293,0.65898529,0.6326118,0.6326118,0.64325877,0.64553663,0.64973881,0.64973881,0.64973881,0.64973881,0.64973881,0.64973881,0.64973881,0.69484525,0.69485566,0.69075445,0.69659327,0.70078445,0.70080201,0.69867759,0.69292411,0.69712134,0.69502284,0.69712035,0.69711994,0.73927263,0.73798212,0.74712907,0.78200595,0.77880217,0.77880217,0.59419064,0.62454356,0.57707221,0.51767949,0.51054083,0.50819778,0.49775292,0.53660292,0.50173767,0.00433044,0,0.00873065,0.40061717,0.39843558,0.39843886,0.40121373,0.40459614,0.41295051
"GI.2/Leuven/ACU56258",0.65735613,0.65735613,0.65735613,0.65735613,0.65735613,0.65735613,0.65735613,0.65735613,0.65735613,0.65735613,0.65735613,0.65735613,0.65735613,0.65735613,0.65735613,0.66025159,0.66024989,0.66284233,0.66458467,0.66668477,0.66251177,0.66459198,0.65944055,0.66154351,0.65735955,0.65944038,0.66368559,0.66579471,0.6510986,0.6531796,0.65526169,0.65734895,0.6573548,0.68201852,0.67656458,0.65950518,0.65952929,0.66071851,0.66282503,0.67699481,0.68671803,0.70331748,0.69422636,0.65847872,0.63210523,0.63210523,0.6427522,0.64503006,0.64923224,0.64923224,0.64923224,0.64923224,0.64923224,0.64923224,0.64923224,0.69433868,0.69434909,0.69024788,0.6960867,0.70027788,0.70029544,0.69817102,0.69241754,0.69661477,0.69451627,0.69661378,0.69661337,0.73876606,0.73747555,0.7466225,0.78149938,0.7782956,0.7782956,0.59368407,0.62403699,0.57656564,0.51717292,0.51003426,0.50769121,0.49724635,0.53609635,0.5012311,0.00874353,0.00873065,0,0.4001106,0.39792901,0.39793229,0.40070716,0.40408957,0.41244394
"GI.4/Chiba407/BAB18267",0.68933073,0.68933073,0.68933073,0.68933073,0.68933073,0.68933073,0.68933073,0.68933073,0.68933073,0.68933073,0.68933073,0.68933073,0.68933073,0.68933073,0.68933073,0.69222619,0.69222449,0.69481693,0.69655927,0.69865937,0.69448637,0.69656658,0.69141515,0.69351811,0.68933415,0.69141498,0.69566019,0.69776931,0.6830732,0.6851542,0.68723629,0.68932355,0.6893294,0.71399312,0.70853918,0.69147978,0.69150389,0.69269311,0.69479963,0.70896941,0.71869263,0.73529208,0.72620096,0.69045332,0.66407983,0.66407983,0.6747268,0.67700466,0.68120684,0.68120684,0.68120684,0.68120684,0.68120684,0.68120684,0.68120684,0.72631328,0.72632369,0.72222248,0.7280613,0.73225248,0.73227004,0.73014562,0.72439214,0.72858937,0.72649087,0.72858838,0.72858797,0.77074066,0.76945015,0.7785971,0.81347398,0.8102702,0.8102702,0.62565867,0.65601159,0.60854024,0.54914752,0.54200886,0.53966581,0.52922095,0.56807095,0.5332057,0.40063005,0.40061717,0.4001106,0,0.00646633,0.00646961,0.259352,0.26273441,0.27108878
"GI.4/34/QHH18441",0.68714914,0.68714914,0.68714914,0.68714914,0.68714914,0.68714914,0.68714914,0.68714914,0.68714914,0.68714914,0.68714914,0.68714914,0.68714914,0.68714914,0.68714914,0.6900446,0.6900429,0.69263534,0.69437768,0.69647778,0.69230478,0.69438499,0.68923356,0.69133652,0.68715256,0.68923339,0.6934786,0.69558772,0.68089161,0.68297261,0.6850547,0.68714196,0.68714781,0.71181153,0.70635759,0.68929819,0.6893223,0.69051152,0.69261804,0.70678782,0.71651104,0.73311049,0.72401937,0.68827173,0.66189824,0.66189824,0.67254521,0.67482307,0.67902525,0.67902525,0.67902525,0.67902525,0.67902525,0.67902525,0.67902525,0.72413169,0.7241421,0.72004089,0.72587971,0.73007089,0.73008845,0.72796403,0.72221055,0.72640778,0.72430928,0.72640679,0.72640638,0.76855907,0.76726856,0.77641551,0.81129239,0.80808861,0.80808861,0.62347708,0.65383,0.60635865,0.54696593,0.53982727,0.53748422,0.52703936,0.56588936,0.53102411,0.39844846,0.39843558,0.39792901,0.00646633,0,0.00428802,0.25717041,0.26055282,0.26890719
"GI.4/Groningen/CRL46952",0.68715242,0.68715242,0.68715242,0.68715242,0.68715242,0.68715242,0.68715242,0.68715242,0.68715242,0.68715242,0.68715242,0.68715242,0.68715242,0.68715242,0.68715242,0.69004788,0.69004618,0.69263862,0.69438096,0.69648106,0.69230806,0.69438827,0.68923684,0.6913398,0.68715584,0.68923667,0.69348188,0.695591,0.68089489,0.68297589,0.68505798,0.68714524,0.68715109,0.71181481,0.70636087,0.68930147,0.68932558,0.6905148,0.69262132,0.7067911,0.71651432,0.73311377,0.72402265,0.68827501,0.66190152,0.66190152,0.67254849,0.67482635,0.67902853,0.67902853,0.67902853,0.67902853,0.67902853,0.67902853,0.67902853,0.72413497,0.72414538,0.72004417,0.72588299,0.73007417,0.73009173,0.72796731,0.72221383,0.72641106,0.72431256,0.72641007,0.72640966,0.76856235,0.76727184,0.77641879,0.81129567,0.80809189,0.80809189,0.62348036,0.65383328,0.60636193,0.54696921,0.53983055,0.5374875,0.52704264,0.56589264,0.53102739,0.39845174,0.39843886,0.39793229,0.00646961,0.00428802,0,0.25717369,0.2605561,0.26891047
"GI.5/Musgrove/CAB89095",0.68992729,0.68992729,0.68992729,0.68992729,0.68992729,0.68992729,0.68992729,0.68992729,0.68992729,0.68992729,0.68992729,0.68992729,0.68992729,0.68992729,0.68992729,0.69282275,0.69282105,0.69541349,0.69715583,0.69925593,0.69508293,0.69716314,0.69201171,0.69411467,0.68993071,0.69201154,0.69625675,0.69836587,0.68366976,0.68575076,0.68783285,0.68992011,0.68992596,0.71458968,0.70913574,0.69207634,0.69210045,0.69328967,0.69539619,0.70956597,0.71928919,0.73588864,0.72679752,0.69104988,0.66467639,0.66467639,0.67532336,0.67760122,0.6818034,0.6818034,0.6818034,0.6818034,0.6818034,0.6818034,0.6818034,0.72690984,0.72692025,0.72281904,0.72865786,0.73284904,0.7328666,0.73074218,0.7249887,0.72918593,0.72708743,0.72918494,0.72918453,0.77133722,0.77004671,0.77919366,0.81407054,0.81086676,0.81086676,0.62625523,0.65660815,0.6091368,0.54974408,0.54260542,0.54026237,0.52981751,0.56866751,0.53380226,0.40122661,0.40121373,0.40070716,0.259352,0.25717041,0.25717369,0,0.01747529,0.02582966
"GI.5/Babbacombe/CAK2226",0.6933097,0.6933097,0.6933097,0.6933097,0.6933097,0.6933097,0.6933097,0.6933097,0.6933097,0.6933097,0.6933097,0.6933097,0.6933097,0.6933097,0.6933097,0.69620516,0.69620346,0.6987959,0.70053824,0.70263834,0.69846534,0.70054555,0.69539412,0.69749708,0.69331312,0.69539395,0.69963916,0.70174828,0.68705217,0.68913317,0.69121526,0.69330252,0.69330837,0.71797209,0.71251815,0.69545875,0.69548286,0.69667208,0.6987786,0.71294838,0.7226716,0.73927105,0.73017993,0.69443229,0.6680588,0.6680588,0.67870577,0.68098363,0.68518581,0.68518581,0.68518581,0.68518581,0.68518581,0.68518581,0.68518581,0.73029225,0.73030266,0.72620145,0.73204027,0.73623145,0.73624901,0.73412459,0.72837111,0.73256834,0.73046984,0.73256735,0.73256694,0.77471963,0.77342912,0.78257607,0.81745295,0.81424917,0.81424917,0.62963764,0.65999056,0.61251921,0.55312649,0.54598783,0.54364478,0.53319992,0.57204992,0.53718467,0.40460902,0.40459614,0.40408957,0.26273441,0.26055282,0.2605561,0.01747529,0,0.00835437
"GI.5/Appalachicola_Bay/318/AAL12971",0.70166407,0.70166407,0.70166407,0.70166407,0.70166407,0.70166407,0.70166407,0.70166407,0.70166407,0.70166407,0.70166407,0.70166407,0.70166407,0.70166407,0.70166407,0.70455953,0.70455783,0.70715027,0.70889261,0.71099271,0.70681971,0.70889992,0.70374849,0.70585145,0.70166749,0.70374832,0.70799353,0.71010265,0.69540654,0.69748754,0.69956963,0.70165689,0.70166274,0.72632646,0.72087252,0.70381312,0.70383723,0.70502645,0.70713297,0.72130275,0.73102597,0.74762542,0.7385343,0.70278666,0.67641317,0.67641317,0.68706014,0.689338,0.69354018,0.69354018,0.69354018,0.69354018,0.69354018,0.69354018,0.69354018,0.73864662,0.73865703,0.73455582,0.74039464,0.74458582,0.74460338,0.74247896,0.73672548,0.74092271,0.73882421,0.74092172,0.74092131,0.783074,0.78178349,0.79093044,0.82580732,0.82260354,0.82260354,0.63799201,0.66834493,0.62087358,0.56148086,0.5543422,0.55199915,0.54155429,0.58040429,0.54553904,0.41296339,0.41295051,0.41244394,0.27108878,0.26890719,0.26891047,0.02582966,0.00835437,0
